"set","prof","mean"
1,"oc.goat.aridP",499.293003299775
2,"oc.goat.aridP",538.212165151831
3,"oc.goat.aridP",354.796693872169
4,"oc.goat.aridP",459.461523045541
5,"oc.goat.aridP",582.254642147119
6,"oc.goat.aridP",556.394147860307
7,"oc.goat.aridP",414.24299442864
8,"oc.goat.aridP",456.15529086128
9,"oc.goat.aridP",462.287942599659
10,"oc.goat.aridP",565.766839998572
11,"oc.goat.aridP",559.726164601483
12,"oc.goat.aridP",489.761691116049
13,"oc.goat.aridP",561.762244849804
14,"oc.goat.aridP",496.442284380374
15,"oc.goat.aridP",430.104738253934
16,"oc.goat.aridP",443.894413650837
17,"oc.goat.aridP",456.810769005869
18,"oc.goat.aridP",465.381149952111
19,"oc.goat.aridP",457.345323884382
20,"oc.goat.aridP",483.11300755335
21,"oc.goat.aridP",460.763279899534
22,"oc.goat.aridP",490.60264645773
23,"oc.goat.aridP",504.279805811351
24,"oc.goat.aridP",557.142684534515
25,"oc.goat.aridP",527.85311874239
26,"oc.goat.aridP",460.215392236886
27,"oc.goat.aridP",532.50947035761
28,"oc.goat.aridP",415.766450961282
29,"oc.goat.aridP",501.549180038415
30,"oc.goat.aridP",559.31761508523
31,"oc.goat.aridP",550.790496094495
32,"oc.goat.aridP",618.545882400985
33,"oc.goat.aridP",479.40044575509
34,"oc.goat.aridP",497.682369890364
35,"oc.goat.aridP",612.235133426284
36,"oc.goat.aridP",497.49217170786
37,"oc.goat.aridP",510.18919656766
38,"oc.goat.aridP",541.865323410417
39,"oc.goat.aridP",519.848574436315
40,"oc.goat.aridP",426.888808555817
41,"oc.goat.aridP",476.257501933172
42,"oc.goat.aridP",454.57552891044
43,"oc.goat.aridP",381.443410349405
44,"oc.goat.aridP",528.403913638062
45,"oc.goat.aridP",580.69883695792
46,"oc.goat.aridP",478.077633347648
47,"oc.goat.aridP",594.807293703258
48,"oc.goat.aridP",585.231165616802
49,"oc.goat.aridP",584.785811597335
50,"oc.goat.aridP",510.608336579698
51,"oc.goat.aridP",569.92432292557
52,"oc.goat.aridP",549.771251069234
53,"oc.goat.aridP",550.299535068126
54,"oc.goat.aridP",515.670622397304
55,"oc.goat.aridP",472.139286910519
56,"oc.goat.aridP",402.544736310378
57,"oc.goat.aridP",479.979908168681
58,"oc.goat.aridP",431.252958287236
59,"oc.goat.aridP",498.789993822476
60,"oc.goat.aridP",500.21881906724
61,"oc.goat.aridP",372.32518506372
62,"oc.goat.aridP",524.397063172051
63,"oc.goat.aridP",436.868181628236
64,"oc.goat.aridP",465.461908468003
65,"oc.goat.aridP",486.349842830284
66,"oc.goat.aridP",464.780682878083
67,"oc.goat.aridP",560.012264480694
68,"oc.goat.aridP",443.258323417773
69,"oc.goat.aridP",589.671301973008
70,"oc.goat.aridP",491.43740070827
71,"oc.goat.aridP",453.751926112383
72,"oc.goat.aridP",432.474639350642
73,"oc.goat.aridP",388.748494459028
74,"oc.goat.aridP",565.528427135875
75,"oc.goat.aridP",484.838138545394
76,"oc.goat.aridP",510.94249527103
77,"oc.goat.aridP",512.984265012713
78,"oc.goat.aridP",388.887957734557
79,"oc.goat.aridP",490.144936122974
80,"oc.goat.aridP",630.976968477343
81,"oc.goat.aridP",416.418889467308
82,"oc.goat.aridP",388.900709297599
83,"oc.goat.aridP",589.390138960832
84,"oc.goat.aridP",509.824459515971
85,"oc.goat.aridP",540.929263172217
86,"oc.goat.aridP",600.244614016605
87,"oc.goat.aridP",571.60809952376
88,"oc.goat.aridP",450.650151178021
89,"oc.goat.aridP",587.561048965235
90,"oc.goat.aridP",420.657214173333
91,"oc.goat.aridP",503.70067104696
92,"oc.goat.aridP",452.888085765597
93,"oc.goat.aridP",539.681731470353
94,"oc.goat.aridP",485.438805643357
95,"oc.goat.aridP",558.424065991219
96,"oc.goat.aridP",395.060085497029
97,"oc.goat.aridP",413.524629834994
98,"oc.goat.aridP",500.60882083795
99,"oc.goat.aridP",421.902188982881
100,"oc.goat.aridP",392.547927937629
101,"oc.goat.aridP",410.680937904089
102,"oc.goat.aridP",557.639799074692
103,"oc.goat.aridP",538.207469461519
104,"oc.goat.aridP",494.057477283839
105,"oc.goat.aridP",524.761559854614
106,"oc.goat.aridP",442.526343683495
107,"oc.goat.aridP",420.384304564065
108,"oc.goat.aridP",534.988076904462
109,"oc.goat.aridP",451.726606941234
110,"oc.goat.aridP",495.152182962206
111,"oc.goat.aridP",434.009177787222
112,"oc.goat.aridP",513.254105023229
113,"oc.goat.aridP",573.786879834109
114,"oc.goat.aridP",346.837810853079
115,"oc.goat.aridP",491.467834071019
116,"oc.goat.aridP",487.388423968184
117,"oc.goat.aridP",553.626152162609
118,"oc.goat.aridP",529.856371777967
119,"oc.goat.aridP",496.628245610185
120,"oc.goat.aridP",528.273585591325
121,"oc.goat.aridP",609.004566727471
122,"oc.goat.aridP",428.683193771703
123,"oc.goat.aridP",514.026128050605
124,"oc.goat.aridP",612.131383740706
125,"oc.goat.aridP",412.907312047046
126,"oc.goat.aridP",451.904056504432
127,"oc.goat.aridP",508.085664629362
128,"oc.goat.aridP",475.184664789806
129,"oc.goat.aridP",478.332352982551
130,"oc.goat.aridP",515.11996601905
131,"oc.goat.aridP",488.046972765854
132,"oc.goat.aridP",364.20059287194
133,"oc.goat.aridP",465.850506154772
134,"oc.goat.aridP",523.333629532577
135,"oc.goat.aridP",493.800303433239
136,"oc.goat.aridP",442.652534809319
137,"oc.goat.aridP",599.146722266831
138,"oc.goat.aridP",583.987537796237
139,"oc.goat.aridP",519.764651816551
140,"oc.goat.aridP",367.869935124522
141,"oc.goat.aridP",409.230817474763
142,"oc.goat.aridP",506.49634319306
143,"oc.goat.aridP",441.273542583437
144,"oc.goat.aridP",432.540264556176
145,"oc.goat.aridP",432.34502821093
146,"oc.goat.aridP",401.161241604543
147,"oc.goat.aridP",537.310199308581
148,"oc.goat.aridP",499.72570856727
149,"oc.goat.aridP",447.767573035714
150,"oc.goat.aridP",521.310515917053
151,"oc.goat.semiaridP",403.080136016558
152,"oc.goat.semiaridP",333.384923893492
153,"oc.goat.semiaridP",333.050683773094
154,"oc.goat.semiaridP",373.491646914508
155,"oc.goat.semiaridP",419.714945469541
156,"oc.goat.semiaridP",411.994346127288
157,"oc.goat.semiaridP",446.058768797832
158,"oc.goat.semiaridP",504.870847463216
159,"oc.goat.semiaridP",494.7990385127
160,"oc.goat.semiaridP",331.733375144012
161,"oc.goat.semiaridP",372.456415083625
162,"oc.goat.semiaridP",363.370414140358
163,"oc.goat.semiaridP",397.209291952612
164,"oc.goat.semiaridP",483.503554007809
165,"oc.goat.semiaridP",375.881868871693
166,"oc.goat.semiaridP",489.825847273827
167,"oc.goat.semiaridP",422.521510973915
168,"oc.goat.semiaridP",415.074360870383
169,"oc.goat.semiaridP",400.475398742019
170,"oc.goat.semiaridP",441.860026692969
171,"oc.goat.semiaridP",352.631190160459
172,"oc.goat.semiaridP",467.353112849014
173,"oc.goat.semiaridP",404.315326558231
174,"oc.goat.semiaridP",434.852108571098
175,"oc.goat.semiaridP",454.62054930932
176,"oc.goat.semiaridP",351.155467457608
177,"oc.goat.semiaridP",339.106391968624
178,"oc.goat.semiaridP",356.218251142228
179,"oc.goat.semiaridP",392.830366020181
180,"oc.goat.semiaridP",341.357334715243
181,"oc.goat.semiaridP",319.074939610077
182,"oc.goat.semiaridP",444.303198053436
183,"oc.goat.semiaridP",439.813253504242
184,"oc.goat.semiaridP",438.573756348094
185,"oc.goat.semiaridP",325.174314766887
186,"oc.goat.semiaridP",477.318676525388
187,"oc.goat.semiaridP",290.09802831212
188,"oc.goat.semiaridP",369.543316622274
189,"oc.goat.semiaridP",426.430378145918
190,"oc.goat.semiaridP",374.892830851457
191,"oc.goat.semiaridP",376.261729695901
192,"oc.goat.semiaridP",389.888121192044
193,"oc.goat.semiaridP",367.662528009662
194,"oc.goat.semiaridP",443.415778960269
195,"oc.goat.semiaridP",420.312972456194
196,"oc.goat.semiaridP",464.001503142529
197,"oc.goat.semiaridP",404.886181234759
198,"oc.goat.semiaridP",482.727289001466
199,"oc.goat.semiaridP",378.424342811974
200,"oc.goat.semiaridP",379.103135613761
201,"oc.goat.semiaridP",355.834641854852
202,"oc.goat.semiaridP",351.434248524765
203,"oc.goat.semiaridP",367.272357768714
204,"oc.goat.semiaridP",443.054122401586
205,"oc.goat.semiaridP",387.752835734394
206,"oc.goat.semiaridP",381.056643616934
207,"oc.goat.semiaridP",434.203333070915
208,"oc.goat.semiaridP",434.963333318457
209,"oc.goat.semiaridP",348.161577895295
210,"oc.goat.semiaridP",349.88951871431
211,"oc.goat.semiaridP",324.694597141678
212,"oc.goat.semiaridP",352.015781633315
213,"oc.goat.semiaridP",402.096046563951
214,"oc.goat.semiaridP",336.961061542578
215,"oc.goat.semiaridP",335.603437458415
216,"oc.goat.semiaridP",419.953786030638
217,"oc.goat.semiaridP",409.818760602232
218,"oc.goat.semiaridP",338.4491889186
219,"oc.goat.semiaridP",399.192576119662
220,"oc.goat.semiaridP",355.101331759702
221,"oc.goat.semiaridP",395.059729944889
222,"oc.goat.semiaridP",440.34882107915
223,"oc.goat.semiaridP",373.321035652634
224,"oc.goat.semiaridP",442.417493100203
225,"oc.goat.semiaridP",368.29072858847
226,"oc.goat.semiaridP",342.4395343377
227,"oc.goat.semiaridP",432.167915816312
228,"oc.goat.semiaridP",533.264676090871
229,"oc.goat.semiaridP",415.877677351774
230,"oc.goat.semiaridP",409.589812485097
231,"oc.goat.semiaridP",439.25641033627
232,"oc.goat.semiaridP",381.159352899114
233,"oc.goat.semiaridP",428.372469038354
234,"oc.goat.semiaridP",482.84154878071
235,"oc.goat.semiaridP",342.434639442231
236,"oc.goat.semiaridP",393.811111739908
237,"oc.goat.semiaridP",332.464225301629
238,"oc.goat.semiaridP",419.854400209604
239,"oc.goat.semiaridP",302.358527273528
240,"oc.goat.semiaridP",338.810867532256
241,"oc.goat.semiaridP",531.526126343478
242,"oc.goat.semiaridP",280.057357436397
243,"oc.goat.semiaridP",353.414439969447
244,"oc.goat.semiaridP",376.257428144076
245,"oc.goat.semiaridP",397.709033235914
246,"oc.goat.semiaridP",337.287340819383
247,"oc.goat.semiaridP",518.240943968185
248,"oc.goat.semiaridP",438.694428013721
249,"oc.goat.semiaridP",387.10653609019
250,"oc.goat.semiaridP",438.108966417214
251,"oc.goat.semiaridP",363.23087859205
252,"oc.goat.semiaridP",453.298342463692
253,"oc.goat.semiaridP",344.034115887725
254,"oc.goat.semiaridP",327.436293386326
255,"oc.goat.semiaridP",440.60131013883
256,"oc.goat.semiaridP",356.865796948676
257,"oc.goat.semiaridP",382.365540548187
258,"oc.goat.semiaridP",303.162955914542
259,"oc.goat.semiaridP",305.146935577028
260,"oc.goat.semiaridP",379.331279625174
261,"oc.goat.semiaridP",406.122575425804
262,"oc.goat.semiaridP",437.73344176844
263,"oc.goat.semiaridP",357.012564767134
264,"oc.goat.semiaridP",447.930370075176
265,"oc.goat.semiaridP",411.365558865727
266,"oc.goat.semiaridP",435.532786727151
267,"oc.goat.semiaridP",436.664618439495
268,"oc.goat.semiaridP",411.018093219646
269,"oc.goat.semiaridP",446.974075987818
270,"oc.goat.semiaridP",352.829991678496
271,"oc.goat.semiaridP",342.70913208114
272,"oc.goat.semiaridP",349.776083757451
273,"oc.goat.semiaridM",364.560863093595
274,"oc.goat.semiaridM",474.481001525313
275,"oc.goat.semiaridM",339.304102450671
276,"oc.goat.semiaridM",340.19721865184
277,"oc.goat.semiaridM",436.048021626751
278,"oc.goat.semiaridM",452.876829414358
279,"oc.goat.semiaridM",558.540458797008
280,"oc.goat.semiaridM",339.750340401635
281,"oc.goat.semiaridM",495.727696184654
282,"oc.goat.semiaridM",330.761926487243
283,"oc.goat.semiaridM",409.11590393783
284,"oc.goat.semiaridM",495.955184930844
285,"oc.goat.semiaridM",366.641918925312
286,"oc.goat.semiaridM",398.37851244606
287,"oc.goat.semiaridM",496.511324054708
288,"oc.goat.semiaridM",454.61476090695
289,"oc.goat.semiaridM",310.0021612751
290,"oc.goat.semiaridM",386.187791743584
291,"oc.goat.semiaridM",474.933652030662
292,"oc.goat.semiaridM",386.786892358041
293,"oc.goat.semiaridM",352.545098653528
294,"oc.goat.semiaridM",426.817468510299
295,"oc.goat.semiaridM",306.383841566407
296,"oc.goat.semiaridM",417.970271224086
297,"oc.goat.semiaridM",392.514961277261
298,"oc.goat.semiaridM",503.169109631652
299,"oc.goat.semiaridM",484.226003232931
300,"oc.goat.semiaridM",416.481953101474
301,"oc.goat.semiaridM",458.133346383164
302,"oc.goat.semiaridM",365.731375601571
303,"oc.goat.semiaridM",348.489598501701
304,"oc.goat.semiaridM",386.301653520203
305,"oc.goat.semiaridM",485.619089980577
306,"oc.goat.semiaridM",291.259764581764
307,"oc.goat.semiaridM",411.031057133271
308,"oc.goat.semiaridM",384.933679159424
309,"oc.goat.semiaridM",439.995608325169
310,"oc.goat.semiaridM",356.159800585417
311,"oc.goat.semiaridM",374.954729751586
312,"oc.goat.semiaridM",353.02718507667
313,"oc.goat.semiaridM",436.705539447151
314,"oc.goat.semiaridM",330.476970599888
315,"oc.goat.semiaridM",322.770329229868
316,"oc.goat.semiaridM",449.409794360573
317,"oc.goat.semiaridM",418.693907053028
318,"oc.goat.semiaridM",422.481944648707
319,"oc.goat.semiaridM",480.598471428909
320,"oc.goat.semiaridM",322.074473323209
321,"oc.goat.semiaridM",446.670782402219
322,"oc.goat.semiaridM",317.773951479419
323,"oc.goat.semiaridM",297.510022678627
324,"oc.goat.semiaridM",379.958418816248
325,"oc.goat.semiaridM",516.754859686966
326,"oc.goat.semiaridM",474.432149240628
327,"oc.goat.semiaridM",383.36419147785
328,"oc.goat.semiaridM",457.595834890487
329,"oc.goat.semiaridM",400.445481112901
330,"oc.goat.semiaridM",510.038246586995
331,"oc.goat.semiaridM",302.675486032583
332,"oc.goat.semiaridM",433.890804883371
333,"oc.goat.semiaridM",361.270707429903
334,"oc.goat.semiaridM",375.92696812908
335,"oc.goat.semiaridM",316.550203708795
336,"oc.goat.semiaridM",509.760821584201
337,"oc.goat.semiaridM",420.951686552817
338,"oc.goat.semiaridM",458.32563318423
339,"oc.goat.semiaridM",398.781163577122
340,"oc.goat.semiaridM",352.808536721442
341,"oc.goat.semiaridM",495.38254892219
342,"oc.goat.semiaridM",334.934201693645
343,"oc.goat.semiaridM",353.271919092004
344,"oc.goat.semiaridM",408.762419750072
345,"oc.goat.semiaridM",308.039202230838
346,"oc.goat.semiaridM",397.759334134273
347,"oc.goat.semiaridM",364.136871572023
348,"oc.goat.semiaridM",344.42903121588
349,"oc.goat.semiaridM",439.871257768041
350,"oc.goat.semiaridM",350.037384248027
351,"oc.goat.semiaridM",373.865982571323
352,"oc.goat.semiaridM",440.217693199981
353,"oc.goat.semiaridM",460.108737442362
354,"oc.goat.semiaridM",377.711811973635
355,"oc.goat.semiaridM",410.453801447764
356,"oc.goat.semiaridM",340.324669042874
357,"oc.goat.semiaridM",366.64103913991
358,"oc.goat.semiaridM",369.453215156673
359,"oc.goat.semiaridM",474.166548366836
360,"oc.goat.semiaridM",387.719748219809
361,"oc.goat.semiaridM",397.186844314962
362,"oc.goat.semiaridM",460.454640989715
363,"oc.goat.semiaridM",413.11472169292
364,"oc.goat.semiaridM",343.352487453064
365,"oc.goat.semiaridM",369.236163836919
366,"oc.goat.semiaridM",364.171896675575
367,"oc.goat.semiaridM",528.353831330137
368,"oc.goat.semiaridM",560.820772673407
369,"oc.goat.semiaridM",393.088293333903
370,"oc.goat.semiaridM",360.514245139083
371,"oc.goat.semiaridM",434.443083989056
372,"oc.goat.semiaridM",506.760359373125
373,"oc.goat.semiaridM",272.472048715664
374,"oc.goat.semiaridM",256.294789046595
375,"oc.goat.semiaridM",424.524502562249
376,"oc.goat.semiaridM",459.498942296712
377,"oc.goat.semiaridM",399.2019167345
378,"oc.goat.semiaridM",381.818659126423
379,"oc.goat.semiaridM",470.239286868834
380,"oc.goat.semiaridM",421.117199825198
381,"oc.goat.semiaridM",437.904016448153
382,"oc.goat.semiaridM",403.684306978891
383,"oc.goat.semiaridM",443.720643204108
384,"oc.goat.semiaridM",322.140531387584
385,"oc.goat.semiaridM",383.538437609228
386,"oc.goat.semiaridM",334.823051067966
387,"oc.goat.semiaridM",361.786935340056
388,"oc.goat.semiaridM",339.326841079824
389,"oc.goat.semiaridM",450.798622764615
390,"oc.goat.semiaridM",343.550198607043
391,"oc.goat.semiaridM",388.435830073714
392,"oc.goat.semiaridM",420.300848138661
393,"oc.goat.semiaridM",461.312687300821
394,"oc.goat.semiaridM",360.658267001344
395,"oc.goat.semiaridM",315.205468403706
396,"oc.goat.semiaridM",424.181242260002
397,"oc.goat.semiaridM",316.96588175549
398,"oc.goat.semiaridM",427.800568242117
399,"oc.goat.semiaridM",493.698384369374
400,"oc.goat.semiaridM",303.341627503714
401,"oc.goat.semiaridM",397.00515575214
402,"oc.goat.semiaridM",397.679504219265
403,"oc.goat.semiaridM",338.071546753818
404,"oc.goat.semiaridM",398.726689858106
405,"oc.goat.semiaridM",452.006811345827
406,"oc.goat.semiaridM",397.067798837253
407,"oc.goat.semiaridM",466.216660978948
408,"oc.goat.semiaridM",403.30297646306
409,"oc.goat.semiaridM",417.983059189053
410,"oc.goat.semiaridM",396.047203078679
411,"oc.goat.semiaridM",483.686888102821
412,"oc.goat.semiaridM",321.589621115561
413,"oc.goat.semiaridM",436.574769616237
414,"oc.goat.semiaridM",392.827332393707
415,"oc.goat.semiaridM",360.19019047791
416,"oc.goat.semiaridM",421.56009275263
417,"oc.goat.semiaridM",530.024617127666
418,"oc.goat.semiaridM",356.332488957974
419,"oc.goat.semiaridM",366.437994734202
420,"oc.goat.semiaridM",390.378503434962
421,"oc.goat.semiaridM",452.740925385238
422,"oc.goat.semiaridM",504.396028664236
423,"oc.goat.semiaridM",292.300691971747
424,"oc.goat.semiaridM",425.618257365816
425,"oc.goat.semiaridM",443.817753388828
426,"oc.goat.subhumidM",517.076874148458
427,"oc.goat.subhumidM",522.745961977521
428,"oc.goat.subhumidM",434.92641860306
429,"oc.goat.subhumidM",548.006671826538
430,"oc.goat.subhumidM",595.205777660546
431,"oc.goat.subhumidM",373.444146953343
432,"oc.goat.subhumidM",411.378137161217
433,"oc.goat.subhumidM",465.38762000728
434,"oc.goat.subhumidM",500.79890374367
435,"oc.goat.subhumidM",468.651255051989
436,"oc.goat.subhumidM",413.685893934075
437,"oc.goat.subhumidM",657.989191484162
438,"oc.goat.subhumidM",398.66810651883
439,"oc.goat.subhumidM",609.800212301747
440,"oc.goat.subhumidM",470.34049839103
441,"oc.goat.subhumidM",483.591641074214
442,"oc.goat.subhumidM",633.751254446843
443,"oc.goat.subhumidM",458.984815595946
444,"oc.goat.subhumidM",473.81587870273
445,"oc.goat.subhumidM",451.486667663453
446,"oc.goat.subhumidM",679.878138766804
447,"oc.goat.subhumidM",498.028854816119
448,"oc.goat.subhumidM",456.297672251174
449,"oc.goat.subhumidM",505.325807470714
450,"oc.goat.subhumidM",574.408894737122
451,"oc.goat.subhumidM",474.298943056352
452,"oc.goat.subhumidM",615.354147355604
453,"oc.goat.subhumidM",417.097815869839
454,"oc.goat.subhumidM",399.506366000094
455,"oc.goat.subhumidM",403.018564148518
456,"oc.goat.subhumidM",498.526396939888
457,"oc.goat.subhumidM",617.928355550351
458,"oc.goat.subhumidM",569.615219936265
459,"oc.goat.subhumidM",650.349124373255
460,"oc.goat.subhumidM",457.917740593855
461,"oc.goat.subhumidM",539.834538185942
462,"oc.goat.subhumidM",509.656112111223
463,"oc.goat.subhumidM",467.264519743639
464,"oc.goat.subhumidM",426.725802006728
465,"oc.goat.subhumidM",400.100449457565
466,"oc.goat.subhumidM",468.327605291362
467,"oc.goat.subhumidM",504.001769168586
468,"oc.goat.subhumidM",374.386563563773
469,"oc.goat.subhumidM",455.891869322984
470,"oc.goat.subhumidM",559.567617472707
471,"oc.goat.subhumidM",580.257946533916
472,"oc.goat.subhumidM",388.140464921577
473,"oc.goat.subhumidM",617.661129784253
474,"oc.goat.subhumidM",493.359224641786
475,"oc.goat.subhumidM",501.343653774069
476,"oc.goat.subhumidM",514.535436785522
477,"oc.goat.subhumidM",504.24708029084
478,"oc.goat.subhumidM",500.420614980257
479,"oc.goat.subhumidM",408.209268266023
480,"oc.goat.subhumidM",637.658348903629
481,"oc.goat.subhumidM",649.258234443664
482,"oc.goat.subhumidM",634.266368259923
483,"oc.goat.subhumidM",481.348933747888
484,"oc.goat.subhumidM",613.874292981123
485,"oc.goat.subhumidM",426.550765631372
486,"oc.goat.subhumidM",403.417402113037
487,"oc.goat.subhumidM",377.121612830086
488,"oc.goat.subhumidM",494.966207751368
489,"oc.goat.subhumidM",559.788393693278
490,"oc.goat.subhumidM",412.084331239495
491,"oc.goat.subhumidM",509.415812224015
492,"oc.goat.subhumidM",434.880697418703
493,"oc.goat.subhumidM",406.285146754527
494,"oc.goat.subhumidM",569.404816213905
495,"oc.goat.subhumidM",548.773766179223
496,"oc.goat.subhumidM",503.098697424515
497,"oc.goat.subhumidM",485.089419851948
498,"oc.goat.subhumidM",464.924699572771
499,"oc.goat.subhumidM",566.601593079604
500,"oc.goat.subhumidM",458.200093987931
501,"oc.goat.subhumidM",400.90746396062
502,"oc.goat.subhumidM",555.600549053086
503,"oc.goat.subhumidM",620.117223323052
504,"oc.goat.subhumidM",429.141677170909
505,"oc.goat.subhumidM",438.000388434774
506,"oc.goat.subhumidM",620.219160647938
507,"oc.goat.subhumidM",416.290734949836
508,"oc.goat.subhumidM",467.124777073018
509,"oc.goat.subhumidM",466.572119872493
510,"oc.goat.subhumidM",537.712377165424
511,"oc.goat.subhumidM",407.663636692123
512,"oc.goat.humidM",420.700178999533
513,"oc.goat.humidM",600.001940110789
514,"oc.goat.humidM",664.764994692079
515,"oc.goat.humidM",437.505812189212
516,"oc.goat.humidM",746.28843271684
517,"oc.goat.humidM",546.909765652933
518,"oc.goat.humidM",635.758423661997
519,"oc.goat.humidM",582.22947717212
520,"oc.goat.humidM",461.671017855079
521,"oc.goat.humidM",544.956936781833
522,"oc.goat.humidM",541.917551746371
523,"oc.goat.humidM",464.876517516801
524,"oc.goat.humidM",649.655848068424
525,"oc.goat.humidM",615.65324278447
526,"oc.goat.humidM",543.686393045263
527,"oc.goat.humidM",578.883752206179
528,"oc.goat.humidM",608.463258619
529,"oc.goat.humidM",459.610256836072
530,"oc.goat.humidM",455.806372625999
531,"oc.goat.humidM",536.55157829148
532,"oc.goat.humidM",488.359707709649
533,"oc.goat.humidM",542.851104445006
534,"oc.goat.humidM",529.018948080714
535,"oc.goat.humidM",559.895432384384
536,"oc.goat.humidM",577.769196815116
537,"oc.goat.humidM",625.644932306837
538,"oc.goat.humidM",572.451928118592
539,"oc.goat.humidM",908.166297308098
540,"oc.goat.humidM",714.522777591604
541,"oc.goat.humidM",666.455199908382
542,"oc.goat.humidM",836.292359090406
543,"oc.goat.humidM",441.435864592119
544,"oc.goat.humidM",725.162343799872
545,"oc.goat.humidM",491.346683552318
546,"oc.goat.humidM",563.85378703272
547,"oc.goat.humidM",643.32435918222
548,"oc.goat.humidM",591.491935866243
549,"oc.goat.humidM",474.045359235616
550,"oc.goat.humidM",653.694355269406
551,"oc.goat.humidM",613.673844579259
552,"oc.goat.humidM",446.114165590494
553,"oc.goat.humidM",617.244916570247
554,"oc.goat.humidM",480.547460471821
555,"oc.goat.humidM",504.112325492927
556,"oc.goat.humidM",634.632281642275
557,"oc.goat.humidM",576.440264940209
558,"oc.goat.humidM",517.421207631519
559,"oc.goat.humidM",565.57723682762
560,"oc.goat.humidM",538.200732823452
561,"oc.goat.humidM",600.419815386488
562,"oc.goat.humidM",619.253450578998
563,"oc.goat.humidM",560.958419252886
564,"oc.goat.humidM",497.88897699607
565,"oc.goat.humidM",723.892150098046
566,"oc.goat.humidM",775.590233947687
567,"oc.goat.humidM",514.957237609963
568,"oc.shp.aridP",448.384332852701
569,"oc.shp.aridP",351.12286763031
570,"oc.shp.aridP",337.439877239443
571,"oc.shp.aridP",372.07928774369
572,"oc.shp.aridP",359.488869995301
573,"oc.shp.aridP",344.06570066112
574,"oc.shp.aridP",400.96470155607
575,"oc.shp.aridP",343.96695348203
576,"oc.shp.aridP",436.586404666368
577,"oc.shp.aridP",312.838718186151
578,"oc.shp.aridP",342.82446049706
579,"oc.shp.aridP",432.057457968195
580,"oc.shp.aridP",329.600258922154
581,"oc.shp.aridP",415.63777467017
582,"oc.shp.aridP",491.136908536832
583,"oc.shp.aridP",328.761584535152
584,"oc.shp.aridP",384.104693073365
585,"oc.shp.aridP",462.059035231445
586,"oc.shp.aridP",422.359974379673
587,"oc.shp.aridP",378.396057268663
588,"oc.shp.aridP",409.050933479132
589,"oc.shp.aridP",387.526045163006
590,"oc.shp.aridP",392.997615166924
591,"oc.shp.aridP",330.626316468942
592,"oc.shp.aridP",416.117160402482
593,"oc.shp.aridP",349.047246948032
594,"oc.shp.aridP",412.145324810592
595,"oc.shp.aridP",378.247687299124
596,"oc.shp.aridP",424.648899848798
597,"oc.shp.aridP",453.082943886488
598,"oc.shp.aridP",355.427546078031
599,"oc.shp.aridP",411.545747886965
600,"oc.shp.aridP",413.719308772541
601,"oc.shp.aridP",455.31843583428
602,"oc.shp.aridP",422.641954353679
603,"oc.shp.aridP",478.877261814545
604,"oc.shp.aridP",491.377547019685
605,"oc.shp.aridP",374.072758871013
606,"oc.shp.aridP",354.057604463701
607,"oc.shp.aridP",387.75541719909
608,"oc.shp.aridP",382.146591456116
609,"oc.shp.aridP",381.760664967953
610,"oc.shp.aridP",380.593214628624
611,"oc.shp.aridP",367.181767561113
612,"oc.shp.aridP",351.61105606367
613,"oc.shp.aridP",453.416415817623
614,"oc.shp.aridP",435.333805435255
615,"oc.shp.aridP",388.482552116705
616,"oc.shp.aridP",371.798016824967
617,"oc.shp.aridP",343.856769239725
618,"oc.shp.aridP",355.579761772415
619,"oc.shp.aridP",355.407477582427
620,"oc.shp.aridP",432.972312830308
621,"oc.shp.aridP",460.273649633281
622,"oc.shp.aridP",433.61863214537
623,"oc.shp.aridP",373.531945189776
624,"oc.shp.aridP",326.827125722167
625,"oc.shp.aridP",344.2377983044
626,"oc.shp.aridP",314.991651095936
627,"oc.shp.aridP",350.738053282992
628,"oc.shp.aridP",471.41161391396
629,"oc.shp.aridP",421.353296854812
630,"oc.shp.aridP",318.137561337909
631,"oc.shp.aridP",345.975356630263
632,"oc.shp.aridP",488.044830414064
633,"oc.shp.aridP",367.148390245363
634,"oc.shp.aridP",469.971683885866
635,"oc.shp.aridP",384.728660825773
636,"oc.shp.aridP",416.351043289394
637,"oc.shp.aridP",362.868966004606
638,"oc.shp.aridP",413.473468054299
639,"oc.shp.aridP",390.355776798637
640,"oc.shp.aridP",358.496841222909
641,"oc.shp.aridP",408.731573437255
642,"oc.shp.aridP",291.137384293154
643,"oc.shp.aridP",380.810777122717
644,"oc.shp.aridP",400.90857955634
645,"oc.shp.aridP",353.954150964712
646,"oc.shp.aridP",448.209871960054
647,"oc.shp.aridP",357.352697247637
648,"oc.shp.aridP",358.054982194363
649,"oc.shp.aridP",399.092865385892
650,"oc.shp.aridP",437.251512100793
651,"oc.shp.aridP",420.101717182834
652,"oc.shp.aridP",362.171801722089
653,"oc.shp.aridP",349.985056546937
654,"oc.shp.aridP",432.463335585427
655,"oc.shp.aridP",399.018052872303
656,"oc.shp.aridP",315.765948070474
657,"oc.shp.aridP",478.092974492586
658,"oc.shp.aridP",397.455822462386
659,"oc.shp.aridP",413.942310090486
660,"oc.shp.aridP",390.766303026039
661,"oc.shp.aridP",429.248258249881
662,"oc.shp.aridP",402.821462325836
663,"oc.shp.aridP",416.964679111819
664,"oc.shp.aridP",387.14111243552
665,"oc.shp.aridP",374.186999300388
666,"oc.shp.aridP",307.268870350965
667,"oc.shp.aridP",364.476787355595
668,"oc.shp.aridP",389.242940169805
669,"oc.shp.aridP",381.125223407409
670,"oc.shp.aridP",378.773390629978
671,"oc.shp.aridP",379.575999816368
672,"oc.shp.aridP",405.98061427411
673,"oc.shp.aridP",396.331340723554
674,"oc.shp.aridP",407.974985611404
675,"oc.shp.aridP",420.927804184329
676,"oc.shp.aridP",383.002571384604
677,"oc.shp.aridP",355.503005589157
678,"oc.shp.aridP",433.879301021983
679,"oc.shp.aridP",368.249038433707
680,"oc.shp.aridP",386.512388846007
681,"oc.shp.aridP",408.752544966102
682,"oc.shp.aridP",323.998781489021
683,"oc.shp.aridP",397.119166833481
684,"oc.shp.aridP",359.984267618681
685,"oc.shp.aridP",410.801108158637
686,"oc.shp.aridP",455.53057198696
687,"oc.shp.aridP",303.683881856354
688,"oc.shp.aridP",479.54694671672
689,"oc.shp.aridP",393.924466275046
690,"oc.shp.aridP",398.661906215488
691,"oc.shp.aridP",332.342123446019
692,"oc.shp.aridP",384.301717415454
693,"oc.shp.aridP",377.90835972407
694,"oc.shp.aridP",331.651967522749
695,"oc.shp.aridP",364.801737359408
696,"oc.shp.aridP",484.800237091721
697,"oc.shp.aridP",403.664561965237
698,"oc.shp.aridP",380.91068737687
699,"oc.shp.aridP",369.967819610689
700,"oc.shp.aridP",421.093061797823
701,"oc.shp.aridP",362.905409038169
702,"oc.shp.aridP",299.137770978475
703,"oc.shp.aridP",335.408357988029
704,"oc.shp.aridP",372.711900526665
705,"oc.shp.aridP",307.994079536752
706,"oc.shp.aridP",377.251679473509
707,"oc.shp.aridP",373.843820186856
708,"oc.shp.aridP",377.362962019647
709,"oc.shp.aridP",461.920870610835
710,"oc.shp.aridP",400.816089542202
711,"oc.shp.aridP",393.435783492746
712,"oc.shp.aridP",309.731175628064
713,"oc.shp.aridP",314.535741531981
714,"oc.shp.aridP",397.258936982993
715,"oc.shp.aridP",376.905014278935
716,"oc.shp.aridP",416.827199198974
717,"oc.shp.aridP",376.787830504964
718,"oc.shp.aridP",421.560769396
719,"oc.shp.aridP",351.904981268919
720,"oc.shp.aridP",441.306896664977
721,"oc.shp.aridP",367.726414589606
722,"oc.shp.aridP",321.620692161667
723,"oc.shp.aridP",382.648353766407
724,"oc.shp.aridP",481.385193335885
725,"oc.shp.aridP",389.363805155539
726,"oc.shp.aridP",423.022973236565
727,"oc.shp.aridP",363.253220635189
728,"oc.shp.aridP",322.197499139164
729,"oc.shp.aridP",476.760218686871
730,"oc.shp.aridP",291.471124485475
731,"oc.shp.aridP",450.931526538993
732,"oc.shp.aridP",459.979310799213
733,"oc.shp.aridP",338.17988492876
734,"oc.shp.aridP",416.305701312685
735,"oc.shp.aridP",313.134521958967
736,"oc.shp.aridP",390.189086576759
737,"oc.shp.aridP",434.45381799927
738,"oc.shp.aridP",399.144890998161
739,"oc.shp.aridP",347.616907176754
740,"oc.shp.aridP",343.272601734595
741,"oc.shp.aridP",395.523076785476
742,"oc.shp.aridP",463.59744670535
743,"oc.shp.aridP",458.29428304158
744,"oc.shp.aridP",315.476486899084
745,"oc.shp.aridP",345.557536270352
746,"oc.shp.aridP",359.508014989107
747,"oc.shp.aridP",320.352910328572
748,"oc.shp.aridP",341.249127932644
749,"oc.shp.aridP",386.404466807532
750,"oc.shp.aridP",446.166266722917
751,"oc.shp.aridP",356.340449315652
752,"oc.shp.aridP",472.449215305882
753,"oc.shp.aridP",404.778375715694
754,"oc.shp.aridP",405.890661320853
755,"oc.shp.aridP",354.644405782662
756,"oc.shp.aridP",375.39259487656
757,"oc.shp.aridP",422.926940923643
758,"oc.shp.aridP",448.380094133641
759,"oc.shp.aridP",341.914400973925
760,"oc.shp.aridP",424.482564590489
761,"oc.shp.aridP",356.170213255455
762,"oc.shp.aridP",370.523738318268
763,"oc.shp.aridP",341.741568564895
764,"oc.shp.aridP",420.305344129007
765,"oc.shp.aridP",381.024211958504
766,"oc.shp.aridP",442.992381320353
767,"oc.shp.aridP",441.026374227564
768,"oc.shp.aridP",475.74663760923
769,"oc.shp.aridP",386.885220417804
770,"oc.shp.aridP",405.10267287569
771,"oc.shp.aridP",403.81036130709
772,"oc.shp.aridP",457.248742129256
773,"oc.shp.aridP",362.863072616685
774,"oc.shp.aridP",366.056999942543
775,"oc.shp.aridP",359.450365746698
776,"oc.shp.aridP",387.120744074775
777,"oc.shp.aridP",421.160535194069
778,"oc.shp.aridP",328.328838319543
779,"oc.shp.aridP",409.218392106253
780,"oc.shp.aridP",439.519504814148
781,"oc.shp.aridP",355.888149139752
782,"oc.shp.aridP",429.699422963181
783,"oc.shp.aridP",412.856756126324
784,"oc.shp.aridP",323.871707730019
785,"oc.shp.aridP",358.981712746602
786,"oc.shp.aridP",390.212422379576
787,"oc.shp.aridP",449.157887473005
788,"oc.shp.aridP",433.638113516855
789,"oc.shp.aridP",409.283172843629
790,"oc.shp.aridP",465.072017626554
791,"oc.shp.aridP",362.602114948739
792,"oc.shp.aridP",460.738313024397
793,"oc.shp.aridP",451.254556867738
794,"oc.shp.aridP",402.435368507172
795,"oc.shp.aridP",423.391581585814
796,"oc.shp.aridP",360.424598778675
797,"oc.shp.aridP",368.181031522006
798,"oc.shp.aridP",431.465631573871
799,"oc.shp.aridP",349.330063481401
800,"oc.shp.aridP",410.766897653674
801,"oc.shp.aridP",321.175125235152
802,"oc.shp.aridP",391.742898490789
803,"oc.shp.aridP",482.891875545863
804,"oc.shp.aridP",380.090159737661
805,"oc.shp.aridP",391.18967252365
806,"oc.shp.aridP",399.347245228597
807,"oc.shp.aridP",370.581570308041
808,"oc.shp.aridP",352.286513264132
809,"oc.shp.aridP",462.197288578754
810,"oc.shp.aridP",436.63920271569
811,"oc.shp.aridP",323.756133584697
812,"oc.shp.aridP",460.58095869418
813,"oc.shp.aridP",429.805694414836
814,"oc.shp.aridP",325.210011886182
815,"oc.shp.aridP",341.864967898829
816,"oc.shp.aridP",387.759500371683
817,"oc.shp.aridP",368.362889377575
818,"oc.shp.aridP",334.452313161357
819,"oc.shp.aridP",401.479309428508
820,"oc.shp.aridP",426.758955686472
821,"oc.shp.aridP",356.840498437885
822,"oc.shp.aridP",375.62585229839
823,"oc.shp.aridP",363.500170813877
824,"oc.shp.aridP",415.958871286164
825,"oc.shp.aridP",357.330235556133
826,"oc.shp.aridP",369.308961534967
827,"oc.shp.aridP",375.970131450601
828,"oc.shp.aridP",388.367191006878
829,"oc.shp.aridP",383.80902929512
830,"oc.shp.aridP",408.49681398049
831,"oc.shp.aridP",314.037076177611
832,"oc.shp.aridP",359.182549751812
833,"oc.shp.aridP",390.304897792965
834,"oc.shp.aridP",369.805056731089
835,"oc.shp.aridP",387.696437280701
836,"oc.shp.semiaridP",352.668131672396
837,"oc.shp.semiaridP",386.424183900665
838,"oc.shp.semiaridP",527.11803222388
839,"oc.shp.semiaridP",360.047960393144
840,"oc.shp.semiaridP",455.903530051988
841,"oc.shp.semiaridP",382.118153365753
842,"oc.shp.semiaridP",452.307683575179
843,"oc.shp.semiaridP",331.400701404162
844,"oc.shp.semiaridP",377.562321820118
845,"oc.shp.semiaridP",442.991865202358
846,"oc.shp.semiaridP",476.360194438689
847,"oc.shp.semiaridP",429.641666746568
848,"oc.shp.semiaridP",417.218169462771
849,"oc.shp.semiaridP",372.666940601179
850,"oc.shp.semiaridP",449.497835033056
851,"oc.shp.semiaridP",341.144084483244
852,"oc.shp.semiaridP",497.508541971289
853,"oc.shp.semiaridP",501.177079558391
854,"oc.shp.semiaridP",383.049067633552
855,"oc.shp.semiaridP",393.664085892387
856,"oc.shp.semiaridP",456.125349268464
857,"oc.shp.semiaridP",408.105727880625
858,"oc.shp.semiaridP",484.885301685536
859,"oc.shp.semiaridP",439.306564859375
860,"oc.shp.semiaridP",420.191064240437
861,"oc.shp.semiaridP",385.895101079611
862,"oc.shp.semiaridP",518.894561661384
863,"oc.shp.semiaridP",469.016286881255
864,"oc.shp.semiaridP",408.004924748482
865,"oc.shp.semiaridP",468.753237145021
866,"oc.shp.semiaridP",330.027929797734
867,"oc.shp.semiaridP",401.129025330242
868,"oc.shp.semiaridP",392.049170002941
869,"oc.shp.semiaridP",479.953162202904
870,"oc.shp.semiaridP",445.96861052024
871,"oc.shp.semiaridP",471.049838564904
872,"oc.shp.semiaridP",385.18503101139
873,"oc.shp.semiaridP",503.446572559406
874,"oc.shp.semiaridP",397.780287042808
875,"oc.shp.semiaridP",381.159726246199
876,"oc.shp.semiaridP",352.91775315069
877,"oc.shp.semiaridP",386.93164787732
878,"oc.shp.semiaridP",389.864461055881
879,"oc.shp.semiaridP",552.085291952143
880,"oc.shp.semiaridP",374.975910746534
881,"oc.shp.semiaridP",445.754376677346
882,"oc.shp.semiaridP",431.08247026352
883,"oc.shp.semiaridP",479.131546183539
884,"oc.shp.semiaridP",435.570476194084
885,"oc.shp.semiaridP",477.470643814909
886,"oc.shp.semiaridP",406.942415045454
887,"oc.shp.semiaridP",469.09288065072
888,"oc.shp.semiaridP",448.227080392272
889,"oc.shp.semiaridP",570.606022596588
890,"oc.shp.semiaridP",333.217849003691
891,"oc.shp.semiaridP",309.143436195243
892,"oc.shp.semiaridP",594.94576340241
893,"oc.shp.semiaridP",486.573267516075
894,"oc.shp.semiaridP",528.536586825014
895,"oc.shp.semiaridP",434.116082053018
896,"oc.shp.semiaridP",475.558401970206
897,"oc.shp.semiaridP",345.948025598028
898,"oc.shp.semiaridP",380.229148148779
899,"oc.shp.semiaridP",371.141379735535
900,"oc.shp.semiaridP",425.712910488507
901,"oc.shp.semiaridP",404.506000098924
902,"oc.shp.semiaridP",487.735400451904
903,"oc.shp.semiaridP",438.626112213564
904,"oc.shp.semiaridP",488.448075541981
905,"oc.shp.semiaridP",349.724315552654
906,"oc.shp.semiaridP",497.895789735481
907,"oc.shp.semiaridP",538.685094958053
908,"oc.shp.semiaridP",486.802153190368
909,"oc.shp.semiaridP",364.786420798811
910,"oc.shp.semiaridP",320.568447683889
911,"oc.shp.semiaridP",408.69765897503
912,"oc.shp.semiaridP",540.245816142568
913,"oc.shp.semiaridP",449.402772443666
914,"oc.shp.semiaridP",514.553746537773
915,"oc.shp.semiaridP",382.978132376862
916,"oc.shp.semiaridP",414.401004091147
917,"oc.shp.semiaridP",378.761539281314
918,"oc.shp.semiaridP",444.060567865018
919,"oc.shp.semiaridP",432.594636971322
920,"oc.shp.semiaridP",478.592440905846
921,"oc.shp.semiaridP",432.819987341039
922,"oc.shp.semiaridP",457.272951999126
923,"oc.shp.semiaridP",346.159917893087
924,"oc.shp.semiaridP",420.193035139722
925,"oc.shp.semiaridP",433.719416667199
926,"oc.shp.semiaridP",381.462034414062
927,"oc.shp.semiaridP",478.047751578392
928,"oc.shp.semiaridP",468.671189780458
929,"oc.shp.semiaridP",426.638238011731
930,"oc.shp.semiaridP",439.867927339609
931,"oc.shp.semiaridP",540.099876922026
932,"oc.shp.semiaridP",406.429728610457
933,"oc.shp.semiaridP",532.730296549958
934,"oc.shp.semiaridP",426.41942278184
935,"oc.shp.semiaridP",366.63038951074
936,"oc.shp.semiaridP",419.427421977947
937,"oc.shp.semiaridP",397.079592471251
938,"oc.shp.semiaridP",417.150719438329
939,"oc.shp.semiaridP",395.440296760271
940,"oc.shp.semiaridP",431.145583827144
941,"oc.shp.semiaridP",417.337790962133
942,"oc.shp.semiaridP",399.591457185971
943,"oc.shp.semiaridP",500.475990113797
944,"oc.shp.semiaridP",402.911822592442
945,"oc.shp.semiaridP",439.499742460326
946,"oc.shp.semiaridP",423.971417443414
947,"oc.shp.semiaridP",518.688326353973
948,"oc.shp.semiaridP",423.536503621292
949,"oc.shp.semiaridP",356.69071458989
950,"oc.shp.semiaridP",428.849237632481
951,"oc.shp.semiaridP",490.758311425684
952,"oc.shp.semiaridP",387.698518087855
953,"oc.shp.semiaridP",453.185685003826
954,"oc.shp.semiaridP",362.363076468942
955,"oc.shp.semiaridP",382.348713720028
956,"oc.shp.semiaridP",488.688648025004
957,"oc.shp.semiaridP",529.110614931104
958,"oc.shp.semiaridP",409.827314052059
959,"oc.shp.semiaridP",520.5693751007
960,"oc.shp.semiaridP",333.572788476989
961,"oc.shp.semiaridP",385.64388120263
962,"oc.shp.semiaridP",414.897571471062
963,"oc.shp.semiaridP",387.381685833368
964,"oc.shp.semiaridP",370.022027427218
965,"oc.shp.semiaridP",487.617694111503
966,"oc.shp.semiaridP",498.472988823237
967,"oc.shp.semiaridP",306.38282240721
968,"oc.shp.semiaridP",388.409161793696
969,"oc.shp.semiaridP",412.922529793637
970,"oc.shp.semiaridP",471.972009442133
971,"oc.shp.semiaridP",437.780545565464
972,"oc.shp.semiaridP",375.037428156597
973,"oc.shp.semiaridP",283.286230390596
974,"oc.shp.semiaridP",342.621669392543
975,"oc.shp.semiaridP",367.181119783457
976,"oc.shp.semiaridP",445.432920268658
977,"oc.shp.semiaridP",381.184951243002
978,"oc.shp.semiaridP",515.149300287692
979,"oc.shp.semiaridP",508.986007249096
980,"oc.shp.semiaridP",344.618183208309
981,"oc.shp.semiaridP",438.612781915451
982,"oc.shp.semiaridP",300.877094979682
983,"oc.shp.semiaridP",343.843851710601
984,"oc.shp.semiaridP",351.315074201861
985,"oc.shp.semiaridP",490.140355506509
986,"oc.shp.semiaridP",378.404834598304
987,"oc.shp.semiaridP",478.103089553875
988,"oc.shp.semiaridP",436.983195920082
989,"oc.shp.semiaridP",364.061201189807
990,"oc.shp.semiaridP",459.417031745223
991,"oc.shp.semiaridP",498.725849853884
992,"oc.shp.semiaridP",559.230100527232
993,"oc.shp.semiaridP",414.522302917762
994,"oc.shp.semiaridP",482.420285464688
995,"oc.shp.semiaridP",350.613382795614
996,"oc.shp.semiaridP",374.513740653999
997,"oc.shp.semiaridP",393.617488442727
998,"oc.shp.semiaridP",363.53081733984
999,"oc.shp.semiaridP",328.731371117042
1000,"oc.shp.semiaridP",487.396905012507
1001,"oc.shp.semiaridP",467.357886511082
1002,"oc.shp.semiaridP",508.347679053761
1003,"oc.shp.semiaridP",426.983886169618
1004,"oc.shp.semiaridP",351.417520012749
1005,"oc.shp.semiaridP",413.618655447061
1006,"oc.shp.semiaridP",386.609103541243
1007,"oc.shp.semiaridP",454.858573255797
1008,"oc.shp.semiaridP",387.176958778675
1009,"oc.shp.semiaridP",410.109178558662
1010,"oc.shp.semiaridP",397.285810935058
1011,"oc.shp.semiaridP",381.487705991273
1012,"oc.shp.semiaridP",460.325352309437
1013,"oc.shp.semiaridP",441.133616104838
1014,"oc.shp.semiaridP",443.158568477191
1015,"oc.shp.semiaridP",430.813917721934
1016,"oc.shp.semiaridP",441.817772166504
1017,"oc.shp.semiaridP",434.261000883321
1018,"oc.shp.semiaridP",517.455955215296
1019,"oc.shp.semiaridP",469.163548573327
1020,"oc.shp.semiaridP",402.009541813506
1021,"oc.shp.semiaridP",494.206537993496
1022,"oc.shp.semiaridP",352.316046768937
1023,"oc.shp.semiaridP",299.22676434492
1024,"oc.shp.semiaridP",512.79748483971
1025,"oc.shp.semiaridP",369.614245064952
1026,"oc.shp.semiaridP",497.772904135094
1027,"oc.shp.semiaridP",410.403244531602
1028,"oc.shp.semiaridP",513.952788812633
1029,"oc.shp.semiaridP",455.133363257487
1030,"oc.shp.semiaridP",404.593206818018
1031,"oc.shp.semiaridP",403.797871510887
1032,"oc.shp.semiaridP",472.101344361519
1033,"oc.shp.semiaridP",544.707336665413
1034,"oc.shp.semiaridM",460.690465451519
1035,"oc.shp.semiaridM",321.892187600259
1036,"oc.shp.semiaridM",370.932542981362
1037,"oc.shp.semiaridM",413.26829630953
1038,"oc.shp.semiaridM",515.93229922579
1039,"oc.shp.semiaridM",525.853133157704
1040,"oc.shp.semiaridM",475.610383455722
1041,"oc.shp.semiaridM",359.045148609438
1042,"oc.shp.semiaridM",417.227633702362
1043,"oc.shp.semiaridM",578.163667992617
1044,"oc.shp.semiaridM",355.938653864654
1045,"oc.shp.semiaridM",361.75313708629
1046,"oc.shp.semiaridM",483.372208563717
1047,"oc.shp.semiaridM",433.549032180898
1048,"oc.shp.semiaridM",322.944805831846
1049,"oc.shp.semiaridM",523.96912059483
1050,"oc.shp.semiaridM",409.491860069091
1051,"oc.shp.semiaridM",411.960667776959
1052,"oc.shp.semiaridM",374.619920023763
1053,"oc.shp.semiaridM",429.765373473634
1054,"oc.shp.semiaridM",369.25407302996
1055,"oc.shp.semiaridM",400.828858435939
1056,"oc.shp.semiaridM",335.971839720096
1057,"oc.shp.semiaridM",328.011155209859
1058,"oc.shp.semiaridM",314.612816586509
1059,"oc.shp.semiaridM",350.685823927724
1060,"oc.shp.semiaridM",459.703031504674
1061,"oc.shp.semiaridM",397.293453996497
1062,"oc.shp.semiaridM",424.75288199703
1063,"oc.shp.semiaridM",361.163774331731
1064,"oc.shp.semiaridM",443.899963860416
1065,"oc.shp.semiaridM",284.48708401484
1066,"oc.shp.semiaridM",453.428506469308
1067,"oc.shp.semiaridM",437.260366649128
1068,"oc.shp.semiaridM",463.003612740842
1069,"oc.shp.semiaridM",529.03968925726
1070,"oc.shp.semiaridM",361.672800287973
1071,"oc.shp.semiaridM",353.082386274035
1072,"oc.shp.semiaridM",336.293433237142
1073,"oc.shp.semiaridM",384.226146506319
1074,"oc.shp.semiaridM",393.976097729238
1075,"oc.shp.semiaridM",296.649606481154
1076,"oc.shp.semiaridM",462.199223408067
1077,"oc.shp.semiaridM",391.205320355074
1078,"oc.shp.semiaridM",515.836836831085
1079,"oc.shp.semiaridM",369.700278325038
1080,"oc.shp.semiaridM",420.686538941262
1081,"oc.shp.semiaridM",381.8644467675
1082,"oc.shp.semiaridM",397.898370765445
1083,"oc.shp.semiaridM",313.973197324429
1084,"oc.shp.semiaridM",414.66484627229
1085,"oc.shp.semiaridM",336.234291762506
1086,"oc.shp.semiaridM",316.77274144797
1087,"oc.shp.semiaridM",485.191931465436
1088,"oc.shp.semiaridM",312.640135824087
1089,"oc.shp.semiaridM",545.43514947378
1090,"oc.shp.semiaridM",372.815592344468
1091,"oc.shp.semiaridM",291.353497870911
1092,"oc.shp.semiaridM",395.716713866652
1093,"oc.shp.semiaridM",437.999818027933
1094,"oc.shp.semiaridM",354.188103803289
1095,"oc.shp.semiaridM",436.827179235624
1096,"oc.shp.semiaridM",265.937498728782
1097,"oc.shp.semiaridM",385.054723076787
1098,"oc.shp.semiaridM",431.965028097917
1099,"oc.shp.semiaridM",333.964501042623
1100,"oc.shp.semiaridM",423.371267592434
1101,"oc.shp.semiaridM",296.767164807444
1102,"oc.shp.semiaridM",445.51297305551
1103,"oc.shp.semiaridM",349.791013098407
1104,"oc.shp.semiaridM",324.69716613937
1105,"oc.shp.semiaridM",369.100455832736
1106,"oc.shp.semiaridM",414.679695784297
1107,"oc.shp.semiaridM",486.089839524448
1108,"oc.shp.semiaridM",404.63935429116
1109,"oc.shp.semiaridM",428.715840202066
1110,"oc.shp.semiaridM",340.139173470622
1111,"oc.shp.semiaridM",348.90681652842
1112,"oc.shp.semiaridM",471.250790913266
1113,"oc.shp.semiaridM",353.428212713924
1114,"oc.shp.semiaridM",457.139436710257
1115,"oc.shp.semiaridM",549.64953486345
1116,"oc.shp.semiaridM",488.328032345669
1117,"oc.shp.semiaridM",500.614148514199
1118,"oc.shp.semiaridM",414.815190550115
1119,"oc.shp.semiaridM",549.756944549382
1120,"oc.shp.semiaridM",456.129171162307
1121,"oc.shp.semiaridM",475.280898212947
1122,"oc.shp.semiaridM",367.203026267841
1123,"oc.shp.semiaridM",433.139444997818
1124,"oc.shp.semiaridM",380.081699581265
1125,"oc.shp.semiaridM",395.570150044226
1126,"oc.shp.semiaridM",419.08767911523
1127,"oc.shp.semiaridM",405.67870651979
1128,"oc.shp.semiaridM",338.76968034998
1129,"oc.shp.semiaridM",503.313791481435
1130,"oc.shp.semiaridM",308.952958687901
1131,"oc.shp.semiaridM",308.891799949519
1132,"oc.shp.semiaridM",428.741163569855
1133,"oc.shp.semiaridM",393.90843789736
1134,"oc.shp.semiaridM",463.752265847354
1135,"oc.shp.semiaridM",400.821492329173
1136,"oc.shp.semiaridM",455.474456043161
1137,"oc.shp.semiaridM",285.201288229761
1138,"oc.shp.semiaridM",366.00631575917
1139,"oc.shp.semiaridM",428.24563437203
1140,"oc.shp.semiaridM",366.383648755239
1141,"oc.shp.semiaridM",455.401886310982
1142,"oc.shp.semiaridM",442.681874394182
1143,"oc.shp.semiaridM",424.01363196378
1144,"oc.shp.semiaridM",408.517806234044
1145,"oc.shp.semiaridM",345.829703074969
1146,"oc.shp.semiaridM",412.340260965686
1147,"oc.shp.semiaridM",332.259049597544
1148,"oc.shp.semiaridM",458.886761094493
1149,"oc.shp.semiaridM",311.437517570399
1150,"oc.shp.semiaridM",421.364845667115
1151,"oc.shp.semiaridM",353.632450632392
1152,"oc.shp.semiaridM",384.09628528391
1153,"oc.shp.semiaridM",384.033563948877
1154,"oc.shp.semiaridM",385.245933278521
1155,"oc.shp.semiaridM",409.883235634814
1156,"oc.shp.semiaridM",369.65431066175
1157,"oc.shp.semiaridM",290.155303424792
1158,"oc.shp.semiaridM",368.579615453061
1159,"oc.shp.semiaridM",388.916947444209
1160,"oc.shp.semiaridM",408.350983047247
1161,"oc.shp.semiaridM",430.812834482071
1162,"oc.shp.semiaridM",296.392187382205
1163,"oc.shp.semiaridM",313.032492109907
1164,"oc.shp.semiaridM",462.802713488188
1165,"oc.shp.semiaridM",342.67649861081
1166,"oc.shp.semiaridM",345.088203417593
1167,"oc.shp.semiaridM",376.959198144749
1168,"oc.shp.semiaridM",424.065260014356
1169,"oc.shp.semiaridM",542.764631108851
1170,"oc.shp.semiaridM",461.660983063408
1171,"oc.shp.semiaridM",343.484028755658
1172,"oc.shp.semiaridM",529.018911703928
1173,"oc.shp.semiaridM",395.450831348183
1174,"oc.shp.semiaridM",400.748697652555
1175,"oc.shp.semiaridM",359.273529452837
1176,"oc.shp.semiaridM",408.999561162401
1177,"oc.shp.semiaridM",304.203864486275
1178,"oc.shp.semiaridM",468.049422764036
1179,"oc.shp.semiaridM",486.898107368114
1180,"oc.shp.semiaridM",338.227931918155
1181,"oc.shp.semiaridM",457.726835369871
1182,"oc.shp.semiaridM",485.069742084309
1183,"oc.shp.semiaridM",323.069751829871
1184,"oc.shp.semiaridM",406.281530152541
1185,"oc.shp.semiaridM",282.593684316225
1186,"oc.shp.semiaridM",411.204342456195
1187,"oc.shp.semiaridM",425.073941091578
1188,"oc.shp.semiaridM",507.004219322809
1189,"oc.shp.semiaridM",315.436551038944
1190,"oc.shp.semiaridM",426.205376105453
1191,"oc.shp.semiaridM",330.86846074881
1192,"oc.shp.semiaridM",273.884601615953
1193,"oc.shp.semiaridM",442.036754008825
1194,"oc.shp.semiaridM",363.777025368894
1195,"oc.shp.semiaridM",306.813661701747
1196,"oc.shp.semiaridM",464.354984881957
1197,"oc.shp.semiaridM",411.282135642703
1198,"oc.shp.semiaridM",315.65672209387
1199,"oc.shp.semiaridM",408.634265009525
1200,"oc.shp.semiaridM",292.474449858774
1201,"oc.shp.semiaridM",385.882857021499
1202,"oc.shp.semiaridM",360.960023548977
1203,"oc.shp.semiaridM",373.559788655365
1204,"oc.shp.semiaridM",402.358733285782
1205,"oc.shp.semiaridM",345.253191996981
1206,"oc.shp.semiaridM",464.819670769799
1207,"oc.shp.semiaridM",320.869635895303
1208,"oc.shp.semiaridM",355.521369505127
1209,"oc.shp.semiaridM",404.921645422499
1210,"oc.shp.semiaridM",432.194935048786
1211,"oc.shp.semiaridM",317.683168956023
1212,"oc.shp.semiaridM",322.104250737097
1213,"oc.shp.semiaridM",474.2519377819
1214,"oc.shp.semiaridM",368.068421314236
1215,"oc.shp.semiaridM",314.366619424999
1216,"oc.shp.semiaridM",352.50291475569
1217,"oc.shp.semiaridM",371.658062895516
1218,"oc.shp.semiaridM",308.467276620417
1219,"oc.shp.semiaridM",480.149496379274
1220,"oc.shp.semiaridM",491.787860890153
1221,"oc.shp.semiaridM",336.766697883953
1222,"oc.shp.semiaridM",306.970292155403
1223,"oc.shp.semiaridM",313.637295150511
1224,"oc.shp.semiaridM",283.618645460982
1225,"oc.shp.semiaridM",497.969845048341
1226,"oc.shp.semiaridM",329.551099060263
1227,"oc.shp.semiaridM",417.060855737008
1228,"oc.shp.semiaridM",402.044326911868
1229,"oc.shp.semiaridM",585.075921825094
1230,"oc.shp.semiaridM",382.156330571159
1231,"oc.shp.semiaridM",335.662176587818
1232,"oc.shp.semiaridM",478.403487536004
1233,"oc.shp.semiaridM",487.607379722597
1234,"oc.shp.semiaridM",472.287810864555
1235,"oc.shp.semiaridM",420.634402293326
1236,"oc.shp.semiaridM",461.922917818413
1237,"oc.shp.semiaridM",430.833044740934
1238,"oc.shp.semiaridM",433.347242307953
1239,"oc.shp.semiaridM",338.290274202876
1240,"oc.shp.semiaridM",428.281875013632
1241,"oc.shp.semiaridM",483.006523741813
1242,"oc.shp.semiaridM",503.489511678036
1243,"oc.shp.semiaridM",371.89274670417
1244,"oc.shp.semiaridM",304.537163936521
1245,"oc.shp.semiaridM",367.93326020637
1246,"oc.shp.semiaridM",300.570991512096
1247,"oc.shp.semiaridM",419.808671960266
1248,"oc.shp.semiaridM",500.324253830319
1249,"oc.shp.semiaridM",402.051044979989
1250,"oc.shp.semiaridM",498.630797989141
1251,"oc.shp.semiaridM",438.021698183996
1252,"oc.shp.semiaridM",384.303194940127
1253,"oc.shp.semiaridM",354.647223735176
1254,"oc.shp.semiaridM",373.826314216506
1255,"oc.shp.semiaridM",387.817521862512
1256,"oc.shp.semiaridM",349.889153622406
1257,"oc.shp.subhumidM",582.398621602167
1258,"oc.shp.subhumidM",299.77160076973
1259,"oc.shp.subhumidM",408.343427229078
1260,"oc.shp.subhumidM",313.527397005051
1261,"oc.shp.subhumidM",504.471644011729
1262,"oc.shp.subhumidM",416.667753811568
1263,"oc.shp.subhumidM",489.36525358189
1264,"oc.shp.subhumidM",390.710553463112
1265,"oc.shp.subhumidM",389.759126139466
1266,"oc.shp.subhumidM",273.475245857947
1267,"oc.shp.subhumidM",581.519466747713
1268,"oc.shp.subhumidM",355.337211018918
1269,"oc.shp.subhumidM",325.425526428946
1270,"oc.shp.subhumidM",367.154431558356
1271,"oc.shp.subhumidM",448.757336522824
1272,"oc.shp.subhumidM",420.834130457989
1273,"oc.shp.subhumidM",589.814954752725
1274,"oc.shp.subhumidM",503.081147780989
1275,"oc.shp.subhumidM",558.660880541107
1276,"oc.shp.subhumidM",450.121672327477
1277,"oc.shp.subhumidM",368.916041422691
1278,"oc.shp.subhumidM",364.976190907513
1279,"oc.shp.subhumidM",431.378148415907
1280,"oc.shp.subhumidM",429.610969120108
1281,"oc.shp.subhumidM",525.335609896937
1282,"oc.shp.subhumidM",343.062161933047
1283,"oc.shp.subhumidM",526.228618780744
1284,"oc.shp.subhumidM",584.352588458039
1285,"oc.shp.subhumidM",425.145305905396
1286,"oc.shp.subhumidM",466.707443659915
1287,"oc.shp.subhumidM",453.71276492968
1288,"oc.shp.subhumidM",408.883951784037
1289,"oc.shp.subhumidM",517.302745479179
1290,"oc.shp.subhumidM",340.87443232019
1291,"oc.shp.subhumidM",461.684587145261
1292,"oc.shp.subhumidM",435.208611029081
1293,"oc.shp.subhumidM",371.310495084107
1294,"oc.shp.subhumidM",501.763827390471
1295,"oc.shp.subhumidM",557.028500105449
1296,"oc.shp.subhumidM",486.973877966999
1297,"oc.shp.subhumidM",667.991164252465
1298,"oc.shp.subhumidM",316.23955267422
1299,"oc.shp.subhumidM",413.62790924612
1300,"oc.shp.subhumidM",528.169064833004
1301,"oc.shp.subhumidM",360.819238354601
1302,"oc.shp.subhumidM",309.926968253402
1303,"oc.shp.subhumidM",476.289536750186
1304,"oc.shp.subhumidM",576.88099793793
1305,"oc.shp.subhumidM",571.773853256736
1306,"oc.shp.subhumidM",375.133407504323
1307,"oc.shp.subhumidM",402.507971492034
1308,"oc.shp.subhumidM",512.243138920211
1309,"oc.shp.subhumidM",289.992225122709
1310,"oc.shp.subhumidM",525.414207532455
1311,"oc.shp.subhumidM",512.830218609436
1312,"oc.shp.subhumidM",640.745193344763
1313,"oc.shp.subhumidM",433.479181512667
1314,"oc.shp.subhumidM",311.767656745882
1315,"oc.shp.subhumidM",525.689582043977
1316,"oc.shp.subhumidM",476.105358993294
1317,"oc.shp.subhumidM",483.228317188857
1318,"oc.shp.subhumidM",444.196748059263
1319,"oc.shp.subhumidM",474.802503138109
1320,"oc.shp.subhumidM",353.336526362168
1321,"oc.shp.subhumidM",555.952379599037
1322,"oc.shp.subhumidM",375.497761803142
1323,"oc.shp.subhumidM",394.787421904009
1324,"oc.shp.subhumidM",512.862728597008
1325,"oc.shp.subhumidM",623.434985689584
1326,"oc.shp.subhumidM",444.561691504058
1327,"oc.shp.subhumidM",496.154257562171
1328,"oc.shp.subhumidM",402.087741876037
1329,"oc.shp.subhumidM",487.004290522777
1330,"oc.shp.subhumidM",599.781325718404
1331,"oc.shp.subhumidM",338.012106007895
1332,"oc.shp.subhumidM",644.996144113333
1333,"oc.shp.subhumidM",349.477803398985
1334,"oc.shp.subhumidM",453.540471320559
1335,"oc.shp.subhumidM",507.498103413306
1336,"oc.shp.subhumidM",375.396950841526
1337,"oc.shp.subhumidM",498.53042114754
1338,"oc.shp.subhumidM",579.553123701795
1339,"oc.shp.subhumidM",495.864358743047
1340,"oc.shp.subhumidM",514.175598319395
1341,"oc.shp.subhumidM",641.843005378488
1342,"oc.shp.subhumidM",493.740282103688
1343,"oc.shp.subhumidM",582.812592572738
1344,"oc.shp.subhumidM",260.413740297441
1345,"oc.shp.subhumidM",620.863640594887
1346,"oc.shp.subhumidM",337.1774700552
1347,"oc.shp.subhumidM",458.167386575005
1348,"oc.shp.subhumidM",499.997807770638
1349,"oc.shp.subhumidM",413.187192664658
1350,"oc.shp.subhumidM",342.272989248148
1351,"oc.shp.subhumidM",591.974064830162
1352,"oc.shp.subhumidM",299.448676412773
1353,"oc.shp.subhumidM",350.832158018437
1354,"oc.shp.subhumidM",462.563197319238
1355,"oc.shp.subhumidM",322.063078904655
1356,"oc.shp.subhumidM",450.230077759178
1357,"oc.shp.subhumidM",253.218915155431
1358,"oc.shp.subhumidM",302.73428348583
1359,"oc.shp.subhumidM",327.257945254648
1360,"oc.shp.subhumidM",571.010572597216
1361,"oc.shp.subhumidM",473.043148289386
1362,"oc.shp.subhumidM",405.482868259114
1363,"oc.shp.subhumidM",484.330482187272
1364,"oc.shp.subhumidM",365.699365853439
1365,"oc.shp.subhumidM",381.412019246172
1366,"oc.shp.subhumidM",431.785735732477
1367,"oc.shp.subhumidM",462.486178564573
1368,"oc.shp.subhumidM",593.374302769786
1369,"oc.shp.subhumidM",460.629250497584
1370,"oc.shp.subhumidM",291.942174359973
1371,"oc.shp.subhumidM",542.562932603057
1372,"oc.shp.subhumidM",580.754670971265
1373,"oc.shp.subhumidM",394.219482134391
1374,"oc.shp.subhumidM",538.940988458815
1375,"oc.shp.subhumidM",511.025088694403
1376,"oc.shp.subhumidM",267.382991999157
1377,"oc.shp.subhumidM",500.175891177718
1378,"oc.shp.subhumidM",622.91138545778
1379,"oc.shp.subhumidM",354.670053640626
1380,"oc.shp.subhumidM",327.702058920558
1381,"oc.shp.subhumidM",273.320434486018
1382,"oc.shp.subhumidM",439.517366519381
1383,"oc.shp.subhumidM",552.226355644466
1384,"oc.shp.subhumidM",447.371486646166
1385,"oc.shp.subhumidM",273.668095653986
1386,"oc.shp.subhumidM",373.912968995624
1387,"oc.shp.subhumidM",364.426106116394
1388,"oc.shp.subhumidM",332.352258957054
1389,"oc.shp.subhumidM",428.960366575906
1390,"oc.shp.subhumidM",628.745014501483
1391,"oc.shp.subhumidM",413.554250866538
1392,"oc.shp.subhumidM",383.074567693803
1393,"oc.shp.subhumidM",513.961866877893
1394,"oc.shp.subhumidM",629.093032764694
1395,"oc.shp.subhumidM",337.69501404917
1396,"oc.shp.subhumidM",586.354697670824
1397,"oc.shp.subhumidM",342.290214350942
1398,"oc.shp.subhumidM",498.845746837956
1399,"oc.shp.subhumidM",321.104023755095
1400,"oc.shp.subhumidM",355.376878388813
1401,"oc.shp.subhumidM",474.813673151776
1402,"oc.shp.subhumidM",426.481572627811
1403,"oc.shp.subhumidM",563.355656123241
1404,"oc.shp.subhumidM",462.823987385869
1405,"oc.shp.subhumidM",544.938061802968
1406,"oc.shp.subhumidM",411.705808006938
1407,"oc.shp.subhumidM",480.735391229797
1408,"oc.shp.subhumidM",379.485666746437
1409,"oc.shp.subhumidM",348.716409978423
1410,"oc.shp.subhumidM",487.995484873127
1411,"oc.shp.subhumidM",438.083436100193
1412,"oc.shp.subhumidM",488.670361563738
1413,"oc.shp.subhumidM",485.324167040299
1414,"oc.shp.subhumidM",356.081733801741
1415,"oc.shp.humidM",375.890080759543
1416,"oc.shp.humidM",378.143293435339
1417,"oc.shp.humidM",528.122624932838
1418,"oc.shp.humidM",538.059328212054
1419,"oc.shp.humidM",438.368589157524
1420,"oc.shp.humidM",487.412171599938
1421,"oc.shp.humidM",487.263053516004
1422,"oc.shp.humidM",522.436174100372
1423,"oc.shp.humidM",399.73999153198
1424,"oc.shp.humidM",522.310420756579
1425,"oc.shp.humidM",530.509141099785
1426,"oc.shp.humidM",643.184242435852
1427,"oc.shp.humidM",476.859796369603
1428,"oc.shp.humidM",620.092012190287
1429,"oc.shp.humidM",589.980660237064
1430,"oc.shp.humidM",354.474494744037
1431,"oc.shp.humidM",448.64335779349
1432,"oc.shp.humidM",481.734469844299
1433,"oc.shp.humidM",531.325466747637
1434,"oc.shp.humidM",328.129786574743
1435,"oc.shp.humidM",461.229981451912
1436,"oc.shp.humidM",404.21242116561
1437,"oc.shp.humidM",493.896185387548
1438,"oc.shp.humidM",541.456055438918
1439,"oc.shp.humidM",420.250652668781
1440,"oc.shp.humidM",607.316000348303
1441,"oc.shp.humidM",609.525192060791
1442,"oc.shp.humidM",446.664979507627
1443,"oc.shp.humidM",508.06994144789
1444,"oc.shp.humidM",567.251092553501
1445,"oc.shp.humidM",519.645543972694
1446,"oc.shp.humidM",429.552517506963
1447,"oc.shp.humidM",582.784094224921
1448,"oc.shp.humidM",568.2041161543
1449,"oc.shp.humidM",422.972172879136
1450,"oc.shp.humidM",573.389646973389
1451,"oc.shp.humidM",639.226475495821
1452,"oc.shp.humidM",361.957337111312
1453,"oc.shp.humidM",589.573722090544
1454,"oc.shp.humidM",462.001600706273
1455,"oc.shp.humidM",438.282226520708
1456,"oc.shp.humidM",603.133505541377
1457,"oc.shp.humidM",589.970203169582
1458,"oc.shp.humidM",492.611457667884
1459,"oc.shp.humidM",376.846812603749
1460,"oc.shp.humidM",484.818636732104
1461,"oc.shp.humidM",447.340751022301
1462,"oc.shp.humidM",466.066374727758
1463,"oc.shp.humidM",493.762427629681
1464,"oc.shp.humidM",468.234860542236
1465,"oc.shp.humidM",347.527666460246
1466,"oc.shp.humidM",506.035217961454
1467,"oc.shp.humidM",567.446381277826
1468,"oc.shp.humidM",575.208578123015
1469,"oc.shp.humidM",477.114805323645
1470,"oc.shp.humidM",423.100526161993
1471,"oc.shp.humidM",579.899958662835
1472,"oc.shp.humidM",424.284192477484
1473,"oc.shp.humidM",404.991235656557
1474,"oc.shp.humidM",482.04566118733
1475,"oc.shp.humidM",435.709664158795
1476,"oc.shp.humidM",482.225922190881
1477,"oc.shp.humidM",451.33318536801
1478,"oc.shp.humidM",482.080546649355
1479,"oc.shp.humidM",475.277530838716
1480,"oc.shp.humidM",454.532210392986
1481,"oc.shp.humidM",380.766236037189
1482,"oc.shp.humidM",554.852373201099
1483,"oc.shp.humidM",582.140510823678
1484,"oc.shp.humidM",361.248295563807
1485,"oc.shp.humidM",470.550142531528
1486,"oc.shp.humidM",461.68325161522
1487,"oc.shp.humidM",599.92175923369
1488,"oc.shp.humidM",621.559563953508
1489,"oc.shp.humidM",452.104061512661
1490,"oc.shp.humidM",465.701896104478
1491,"oc.shp.humidM",440.605972015996
1492,"oc.shp.humidM",477.200094968743
1493,"oc.shp.humidM",433.615873992367
1494,"oc.shp.humidM",448.937879172455
1495,"oc.shp.humidM",390.459154639676
1496,"oc.shp.humidM",503.370024674148
1497,"oc.shp.humidM",387.18741529275
1498,"oc.shp.humidM",501.934556695688
1499,"oc.shp.humidM",403.606596964025
