"NET_offtake_y","NET_offtake_m","NET_offtake_m2","NET_offtake_f","mortality_y","mortality_a","birth_rate","adu_f_max_yrs","adu_m_max_yrs","min_age_offtake","min_age_repro","prof"
0,0.276905711102771,0.902797359280981,0.272794129556173,0.241096009616565,0.193231894227583,1.67778255667902,7.48656231260858,3.40985916957259,12.0029606415424,16.1346158957277,"oc.goat.aridP"
0,0.305143470020546,0.918591382093797,0.310689346969413,0.238140234539052,0.161828891491797,1.55692580582696,10.7215294140845,4.04957404786628,13.5590565418371,15.3030056607307,"oc.goat.aridP"
0,0.291872869623493,0.927007808128389,0.305576263214607,0.158732536008058,0.0802708582357131,1.36020006992749,9.18362122571445,4.13414867645735,10.3089237087138,16.4652226327885,"oc.goat.aridP"
0,0.338693947790592,0.794604744864255,0.279978902717028,0.375981848272204,0.109719841243671,1.61616921461608,9.06913070533308,3.85921613845229,9.52273383530788,16.5636905867473,"oc.goat.aridP"
0,0.277086145652231,0.925704403281282,0.293074876062817,0.239483335854718,0.110148430866925,1.47804463447786,11.1643190990132,3.65376506182225,10.0304707486031,16.6529360955474,"oc.goat.aridP"
0,0.281861409682676,0.80009618734399,0.26552564784725,0.274646982666571,0.223422374507496,1.78955844444995,11.2500811683375,4.26810810350673,10.3843755561323,15.3759293347218,"oc.goat.aridP"
0,0.276990256550902,0.848215424913506,0.274187930932466,0.248906332144572,0.183429693073193,1.52067899585867,9.58985674198018,3.50555525885755,12.6554857591516,15.1436422464172,"oc.goat.aridP"
0,0.299588973144162,0.844418293547805,0.29200594937593,0.384751744670328,0.0758076230008341,1.45702660513921,10.8489785178634,4.57485879894765,9.40395591837703,16.5046295292778,"oc.goat.aridP"
0,0.308519164693472,0.769768809362722,0.265077088895545,0.263374308754923,0.138555915543046,1.41531809519749,9.57708804300753,3.97215868475661,10.8942268523306,15.9574392988696,"oc.goat.aridP"
0,0.26735218418772,0.899251121085702,0.283382145850698,0.377955069931282,0.0724168813053332,1.16647465146435,11.892131032804,4.36102427933319,13.554150862837,15.2999934643859,"oc.goat.aridP"
0,0.339042637279828,0.808304050705087,0.328349934883288,0.388219623313693,0.0687007229531091,1.49822223903538,8.63019717556308,4.95691357951378,9.25609398570494,15.0644148138596,"oc.goat.aridP"
0,0.331140196086874,0.911496257615765,0.334797258924728,0.32056318527949,0.132831727047851,1.69760722408884,10.1148277163855,4.88565374659281,12.3060795296659,16.2796677272627,"oc.goat.aridP"
0,0.293284817291744,0.874590979946323,0.270916633626644,0.197820652183495,0.159036776840389,1.32749604441941,11.6831102982408,3.31808399011008,11.1322903859732,15.0129796738819,"oc.goat.aridP"
0,0.280438384964457,0.820286688281351,0.28565291305841,0.358876384238247,0.198806058131885,1.76849793273978,11.9440874900401,3.18362815727014,10.7076678421011,15.149999630627,"oc.goat.aridP"
0,0.339529836000019,0.860141596222942,0.275455200637173,0.392382837593439,0.210390204495546,1.78017293210171,10.4911739724921,3.86279304196453,12.778685576953,15.6319965271032,"oc.goat.aridP"
0,0.279363237378094,0.934325380421738,0.265435410979122,0.247738616499002,0.190348203137983,1.49380159251979,9.65952261071186,3.34697159567708,12.1342848324659,15.7679421275801,"oc.goat.aridP"
0,0.333787133001204,0.98625135165957,0.270591700713884,0.205642399959208,0.195662365433574,1.61775714373858,7.17626965123112,4.4511986660203,11.4793202431977,15.3564025561812,"oc.goat.aridP"
0,0.328170377321896,0.928667269165761,0.336406284378772,0.334705039634078,0.169782021896169,1.84213106674545,11.6522418154438,4.86436573740188,13.1367774287937,15.8684883023991,"oc.goat.aridP"
0,0.159108143281787,0.847831673825224,0.156436175346276,0.364680248914566,0.15603368290024,1.46391565312544,9.23744314668235,3.87349416541774,11.7061690948997,27.0788308075981,"oc.goat.semiaridP"
0,0.19246756372079,0.939117818456822,0.149744985032232,0.304016214845684,0.1117634535734,0.756930955776338,9.01498135086615,3.65405097254878,9.90233731954591,8.31220861846062,"oc.goat.semiaridP"
0,0.154973773726257,0.943446166108785,0.168606079527681,0.391843732985851,0.150929654226095,1.6369357287541,7.83603790963185,3.3081289854222,10.0771234303783,23.668170526129,"oc.goat.semiaridP"
0,0.172566952426686,0.80265502875783,0.188621207818398,0.367568257964594,0.136322519071878,1.32173809782148,10.9418474767008,3.35845986955054,11.2263121974492,21.6281836270368,"oc.goat.semiaridP"
0,0.155709042522866,0.96210007779617,0.175349805174435,0.299864534559643,0.106331971689304,1.1534099139441,7.56774472011835,4.13715644224407,12.1939596738375,20.1918799807005,"oc.goat.semiaridP"
0,0.195586202231508,0.93723881896421,0.191088343651031,0.398272221272297,0.103229145130636,1.25995105687669,10.103573861121,3.23326975418441,12.2735139445518,23.1277286761888,"oc.goat.semiaridP"
0,0.1685080304194,0.828381793404607,0.163996954427825,0.375058447414466,0.147350455401805,1.18115345018888,10.0807072240941,4.23238116615405,11.6275596800412,18.0423730959743,"oc.goat.semiaridP"
0,0.193166638036639,0.873906069437407,0.201148471679525,0.397868358313781,0.108581481900829,1.58174902898435,10.7666268621129,4.38147678845888,12.539165193137,29.3275735710072,"oc.goat.semiaridP"
0,0.179377361175492,0.857997543891711,0.175047827947388,0.394999597719377,0.110233852446259,1.12864919997434,7.13069851698703,4.07462339855358,10.719359898374,14.801863809442,"oc.goat.semiaridP"
0,0.145252018637483,0.974720117141484,0.167828459193601,0.284886648043685,0.106869656769871,1.23563124216547,11.1010668196378,4.71193871407025,13.4936388535541,28.5969640085436,"oc.goat.semiaridP"
0,0.192499856800053,0.976827906759242,0.140438016479093,0.270714824212547,0.154905288310268,1.29544029102919,8.58182949872804,3.77174343062378,9.35487093706266,25.1456133301201,"oc.goat.semiaridP"
0,0.195614808589648,0.919896741507998,0.198860835189215,0.376099066567086,0.155903216191566,1.71525629547393,10.3352662509016,3.7664456390813,9.7225308510242,22.9073899632537,"oc.goat.semiaridP"
0,0.204013855789421,0.982218772858696,0.150533213068753,0.354106455297275,0.125048654826516,0.91184707218289,7.2404449723463,3.05374878651137,11.6034967011877,9.89926955639205,"oc.goat.semiaridP"
0,0.184317027918513,0.915548319980535,0.159820113122354,0.291895783875565,0.113866038590697,0.837148999475789,11.8217379432998,4.25638616418047,9.18085150354309,11.975362768683,"oc.goat.semiaridP"
0,0.200801031115956,0.869022971410076,0.150010218508397,0.290080088500478,0.108059642530132,0.866525670757325,11.7262098711811,3.55379543083906,12.9587964833656,19.4392720987797,"oc.goat.semiaridP"
0,0.202918799927753,0.93879907366843,0.191738544524845,0.369522742319764,0.134574160451577,1.00967281930787,7.6116032617283,4.01429146728013,12.0098544892785,10.4598527804398,"oc.goat.semiaridP"
0,0.157289020844725,0.947269599339444,0.178814415763023,0.330009978561251,0.135251029978442,1.27010384612371,7.04821397443768,3.96039885979984,12.4008413037227,18.604072707627,"oc.goat.semiaridP"
0,0.148076228330869,0.807508584444327,0.143423529156661,0.366385205550632,0.153677238298402,1.19129779603814,11.9980020684667,3.82895406947983,11.8497981309495,23.3460055713067,"oc.goat.semiaridP"
0,0.139494552917507,0.931246074774127,0.202413441546646,0.354784893115917,0.112059249175656,1.65140971879871,7.09811616148683,4.28441269355034,9.5108092488267,25.7713941423269,"oc.goat.semiaridP"
0,0.196048222078408,0.880794103655781,0.185848017739085,0.343232891144509,0.10354812571412,0.962688167096496,7.4107886109571,3.36253132343525,11.7219383634045,13.2341487099061,"oc.goat.semiaridP"
0,0.18063608923647,0.920629778411253,0.201313870554363,0.336436845553358,0.122474682524679,1.41439771693108,11.8187870641449,3.68957303858921,10.2831983763108,24.4166475693147,"oc.goat.semiaridP"
0,0.212336109789869,0.889962836468961,0.205212632829807,0.461499969531235,0.0986212261357298,1.48426380504752,10.7486562216084,4.04436378429411,12.5272174282628,26.8738365804709,"oc.goat.semiaridM"
0,0.210237289056035,0.900335251325507,0.145205191755459,0.149634970038792,0.132570963277319,1.14069947510491,8.9335362105153,3.45778455779981,13.1254042957455,27.5419326999668,"oc.goat.semiaridM"
0,0.18216324585105,0.9774750561329,0.148425134310335,0.318380310648953,0.118885380976791,2.30993851945758,8.47658430128591,4.90440222687973,11.1223138255801,46.3427990032181,"oc.goat.semiaridM"
0,0.193361578363046,0.895600970212053,0.184281489160349,0.451925261321472,0.10693781855278,2.23926381006246,10.7386389348167,4.66782225737814,10.841793162931,41.7253125279291,"oc.goat.semiaridM"
0,0.176771360263753,0.77232437152538,0.189496706298878,0.43305673580562,0.0682221571471752,1.11134998824362,9.96720179791446,3.0703580653579,9.48797931228648,23.4013800463664,"oc.goat.semiaridM"
0,0.160011178002489,0.96219831695886,0.181096114378438,0.139664044816897,0.069748601785216,1.41951194143429,7.56774472011835,4.13715644224407,12.1939596738375,37.0390554386905,"oc.goat.semiaridM"
0,0.210421602735928,0.798439143989882,0.141199424556527,0.224507584023208,0.0772955819525197,1.73939038815848,9.43461884261225,4.30984097391693,10.5579697002703,52.7910766755319,"oc.goat.semiaridM"
0,0.19317066064167,0.944857035830641,0.180975757538185,0.263054101446661,0.157938403951784,2.46475619018657,11.1144156700803,4.17981002431549,11.8960917852074,38.9261827690578,"oc.goat.semiaridM"
0,0.185419814203102,0.858462341272374,0.18077193294352,0.482006128156849,0.0773194151942339,1.39787067974913,7.13069851698703,4.07462339855358,10.719359898374,24.4209530654219,"oc.goat.semiaridM"
0,0.191103294221543,0.896366146955181,0.204354184901831,0.465017870932468,0.122830310764101,1.59356042771105,11.9816460647585,4.72704339902615,11.3220689515793,25.9774884345172,"oc.goat.semiaridM"
0,0.200912173459522,0.816955911896898,0.197078113202546,0.311893142931064,0.133537316242377,2.10524617915631,11.2345515790291,3.20133291150443,9.89106466640602,37.4239453909864,"oc.goat.semiaridM"
0,0.190235123116339,0.910426825543382,0.156805244350006,0.253809553747956,0.151387756568056,1.5350749725333,10.9742183858133,3.70521382444911,12.1410836835648,31.7199194133426,"oc.goat.semiaridM"
0,0.196210058202593,0.958703371324164,0.168006579231889,0.101499608086148,0.0904713005487877,2.62501831326912,8.68673081484972,3.64400726738665,9.16705191359622,56.3420987153013,"oc.goat.semiaridM"
0,0.148331583972551,0.971652400526228,0.210791745817865,0.421063883758208,0.140989732730961,1.27899160612734,7.75877843749244,3.91714846104709,10.5138866514794,14.6773491372078,"oc.goat.semiaridM"
0,0.164015726509269,0.805882450732321,0.206807528122243,0.216269092508958,0.0936176011333172,3.18353400733484,11.0357123359235,4.80784106345475,9.4582665180508,58.0776968163646,"oc.goat.semiaridM"
0,0.162333828470553,0.815589322318193,0.164504081729177,0.197257993304264,0.147117891471449,2.62145282831235,10.9695226865937,3.26023093725927,9.38415150438203,47.9802532927492,"oc.goat.semiaridM"
0,0.196067954941229,0.976050645129823,0.167140161814806,0.356138993791508,0.163446901400147,2.69619622186165,8.72236755439895,4.69375807045354,13.3857833696087,42.1625752885165,"oc.goat.semiaridM"
0,0.212493618874129,0.872884989606176,0.162067144948937,0.15512394839279,0.151953607954751,2.76975843005884,10.9209973522916,3.35328683900321,13.1561785783677,49.9589079938584,"oc.goat.semiaridM"
0,0.191202831824705,0.800197017409508,0.16070115764792,0.327642155121511,0.114647677869983,1.10592123590868,9.83849967857473,3.55895369042736,11.1271989793552,22.7730696269752,"oc.goat.semiaridM"
0,0.171177106386213,0.942681197007286,0.20906689751076,0.505924661515373,0.185753780903326,1.75691708797596,7.83603790963185,3.3081289854222,10.0771234303783,16.182989745307,"oc.goat.subhumidM"
0,0.152163329326652,0.833984637761178,0.258202335777921,0.444031723036118,0.0794492108865909,1.47614113057251,8.06469334158115,4.5188534461977,9.23349601122318,16.9892090306721,"oc.goat.subhumidM"
0,0.284055767966985,0.936371851200711,0.271554366912425,0.526476343764465,0.0896408148154605,1.48862576545937,10.103573861121,3.23326975418441,12.2735139445518,16.1132553130566,"oc.goat.subhumidM"
0,0.208794378665685,0.825726095174166,0.19625624098322,0.452262612188672,0.178541962376771,1.43254732066708,10.0807072240941,4.23238116615405,11.6275596800412,15.4570803994806,"oc.goat.subhumidM"
0,0.277330802778307,0.871998422691073,0.299515605109269,0.525185206124361,0.100425373979283,1.7176419827235,10.7666268621129,4.38147678845888,12.539165193137,16.9132352994848,"oc.goat.subhumidM"
0,0.239004724443648,0.855828489448617,0.226971168853771,0.51601386543619,0.103754777317089,1.39518125308229,7.13069851698703,4.07462339855358,10.719359898374,15.0389501689603,"oc.goat.subhumidM"
0,0.213819726330935,0.972416809623462,0.290539192473801,0.421387733017953,0.125224420931386,1.56965771109955,11.7926360035886,3.89609155743057,9.62762701652362,14.9301259970832,"oc.goat.subhumidM"
0,0.124121348067989,0.961325228659116,0.25544619077125,0.434090604488577,0.196897263866813,1.8806715373085,8.51281535048969,4.4525674733487,10.6400465451262,15.3381196369668,"oc.goat.subhumidM"
0,0.165984224328828,0.899293206000194,0.205896676187057,0.479444868517843,0.188402063417833,1.65317217417472,7.01790046108421,3.4324327447149,13.0211060918786,16.2596534877067,"oc.goat.subhumidM"
0,0.128153977961893,0.930280634688256,0.303031477239942,0.387448673446341,0.107432815503188,1.76721789387298,7.09811616148683,4.28441269355034,9.5108092488267,16.4543734377196,"oc.goat.subhumidM"
0,0.303130436348256,0.980008361393026,0.270881429789745,0.252203638674876,0.115733993412378,1.1762601027861,10.9294772006653,4.91311884801276,13.0355797736265,14.9362053027412,"oc.goat.subhumidM"
0,0.242503248024894,0.919489892141016,0.299975316687863,0.328790521390281,0.128419136430324,1.59854190204366,11.8187870641449,3.68957303858921,10.2831983763108,16.2795674282987,"oc.goat.subhumidM"
0,0.256927381495323,0.943357067631616,0.253358452684387,0.273947073694458,0.271623827642,1.96198451580014,8.80855789911817,4.84973701809812,9.37684402602958,14.7093050974511,"oc.goat.humidM"
0,0.246556542277104,0.854882769423653,0.271242871821315,0.400786859605983,0.125274194111318,1.60066151886784,8.06469334158115,4.5188534461977,9.23349601122318,14.9784180613441,"oc.goat.humidM"
0,0.275696059906061,0.887804638589267,0.280860775792634,0.473863455751794,0.190999505135087,1.87546920856017,10.7666268621129,4.38147678845888,12.539165193137,14.8264705989696,"oc.goat.humidM"
0,0.257395274510393,0.735072897113103,0.250745811970137,0.360877806878714,0.28791343055017,1.76994434299982,7.94922764320858,3.29330888741789,10.6368739553355,10.8034037500409,"oc.goat.humidM"
0,0.258474248604101,0.958954756563529,0.280479544829678,0.431587558644945,0.18623419856251,1.56390029816604,9.08497192644281,3.27876384186698,10.1229363630817,10.3800534305858,"oc.goat.humidM"
0,0.272444179645987,0.963230166601832,0.279513988603286,0.351561901089004,0.262074461987195,1.84314444070429,7.10273213749635,4.93184832841996,11.7158859579021,12.1833323076831,"oc.goat.humidM"
0,0.240967063652504,0.93827999539976,0.281679285706653,0.349835298364004,0.212956155243323,1.93188243230675,7.09811616148683,4.28441269355034,9.5108092488267,13.9087468754392,"oc.goat.humidM"
0,0.24543159192019,0.940626200372761,0.27038874825244,0.439871414710395,0.313937320070849,2.39625719018372,7.0551914989308,3.24469281322649,13.9618216553167,14.6240181479696,"oc.goat.humidM"
0,0.203748364295188,0.945901980968628,0.23341074128465,0.291216555628274,0.150024587724474,1.31751331017302,11.2695576388913,3.43402007223014,11.6594069663167,18.2639708024315,"oc.shp.aridP"
0,0.245907153812986,0.842169556987828,0.234553034959342,0.209252485140827,0.131610156052338,1.23327359342465,9.36179380285786,3.80100230846461,11.2227787073504,18.0845658116897,"oc.shp.aridP"
0,0.229317555676296,0.903119551581733,0.230011315464796,0.436332431961328,0.0841230777982855,1.2117753429919,9.45435110193328,3.64330171251111,11.4279830936552,18.0979685003466,"oc.shp.aridP"
0,0.207844344467697,0.963901129112145,0.22430792492563,0.243660253031991,0.0572088495869539,0.973744145260903,7.56774472011835,4.13715644224407,12.1939596738375,18.5480129023364,"oc.shp.aridP"
0,0.202048340438106,0.894137234961299,0.198923538462691,0.277112458462823,0.127885619846056,1.26655545322592,7.48656231260858,3.40985916957259,12.0029606415424,18.6303421642932,"oc.shp.aridP"
0,0.217163747016928,0.986613756657448,0.231125757858521,0.406909286736302,0.0417239288917044,1.06135695794928,8.99207109268638,3.38616407389613,10.8971197170974,18.3606246867138,"oc.shp.aridP"
0,0.197587893072477,0.816030392856006,0.246761958872524,0.39255681003198,0.0333271943907603,1.13593876492176,9.20273186913692,4.4764454252962,10.4886031507445,18.1899242288929,"oc.shp.aridP"
0,0.205814671358834,0.781236774225048,0.19339949236391,0.313615917141229,0.154841405810264,1.31791288246349,11.2500811683375,4.26810810350673,10.3843755561323,18.208849630401,"oc.shp.aridP"
0,0.237607586375589,0.889350474962893,0.234065507333273,0.188261239002336,0.0814114153397386,0.975531181143171,11.6002960301726,4.68056588539435,13.6192017180088,18.9869693824702,"oc.shp.aridP"
0,0.246110130706881,0.871211494004438,0.235825266131909,0.215021874348517,0.0801454728721292,1.16800634693077,10.7582976900251,3.71582870463235,9.24542409099871,18.70794038054,"oc.shp.aridP"
0,0.198543491269513,0.823398123047209,0.237944140715966,0.381332714992542,0.112017520677589,1.34428067202934,10.4153294222604,4.08067176808696,10.3136017298733,18.72500372441,"oc.shp.aridP"
0,0.213256657140828,0.979782838696036,0.216429037166859,0.234774053097758,0.115153132949781,1.15715927362796,8.60029600295937,4.50012998137064,12.4285438244173,18.1929225651361,"oc.shp.aridP"
0,0.213338948066186,0.873688230327694,0.235652857621868,0.340770283645894,0.0722382467371062,1.12516523879469,10.7115653115732,3.76869968165644,10.9509234693181,18.440478723095,"oc.shp.aridP"
0,0.238833449707689,0.76411942082256,0.199805439528573,0.428811069788739,0.0917888661920442,1.17609426728121,10.6602823229926,3.07790176376002,9.27240469808807,18.6564693868554,"oc.shp.aridP"
0,0.214748316556567,0.900394302293326,0.213822315478551,0.425277365530487,0.0943530255542719,1.14794968959541,9.4589110812475,4.73022853455786,13.753082454598,18.0810786057755,"oc.shp.aridP"
0,0.220797188794334,0.86230711770509,0.19852570612489,0.312910366412494,0.151853910391685,1.29954940550298,9.6876137719804,4.22259149619425,9.7475662475836,18.5422021478605,"oc.shp.aridP"
0,0.210971183712717,0.817159379544947,0.244383960314628,0.287526722447235,0.103110771410225,1.34056473943829,11.0357123359235,4.80784106345475,9.4582665180508,18.9621593861489,"oc.shp.aridP"
0,0.204733172572987,0.80343240077274,0.208696213924391,0.405257506051213,0.132862551903469,1.30823625397561,11.9440874900401,3.18362815727014,10.7076678421011,18.0833331281261,"oc.shp.aridP"
0,0.249642675360014,0.847245313365083,0.200945952484251,0.441712527301662,0.143205539728166,1.31360054108203,10.4911739724921,3.86279304196453,12.778685576953,18.351109181724,"oc.shp.aridP"
0,0.216719704562882,0.908449615029104,0.212500557524276,0.346114436737359,0.13908139484853,1.33204438504338,10.135011901696,4.40068400189001,9.48084117447957,18.6196689516543,"oc.shp.aridP"
0,0.23769095963197,0.89171321100315,0.208243560338241,0.244283563402988,0.116214278846106,1.0706477279253,10.3488508592336,4.45675361933233,11.0778304832382,18.2251977751069,"oc.shp.aridP"
0,0.245278221080915,0.985879072100245,0.197249692542552,0.238538931155618,0.130055683422834,1.23897570450711,7.17626965123112,4.4511986660203,11.4793202431977,18.1980014201007,"oc.shp.aridP"
0,0.241009486764641,0.922576294517396,0.247268776127866,0.378959083121877,0.106948233835865,1.34206831332803,11.6522418154438,4.86436573740188,13.1367774287937,18.4824935013328,"oc.shp.aridP"
0,0.204909517598097,0.868015023304865,0.214317919580712,0.237039549290217,0.12557076307457,1.37159919580085,11.8138723273703,3.80818318969477,12.1099869064894,24.0252646346849,"oc.shp.semiaridP"
0,0.227449360854671,0.899304224486828,0.228776024309873,0.435427960547004,0.132123200136533,1.29173210147443,9.45435110193328,3.64330171251111,11.4279830936552,13.3124172564129,"oc.shp.semiaridP"
0,0.250809719643798,0.750519894243598,0.20864046878247,0.285939107120917,0.142825081610498,1.48967115756229,8.58540374814649,4.40883959342167,9.38562134262407,22.5760678762591,"oc.shp.semiaridP"
0,0.188139163823303,0.988355401835456,0.243882236109956,0.165696995400523,0.156563119820159,1.08030650995188,11.927198723508,4.17628253856767,12.9460672581219,13.2500748818759,"oc.shp.semiaridP"
0,0.252310518453471,0.988187242728859,0.177686454030905,0.169417663466609,0.142210451819423,1.4309859559435,10.5656583745952,3.78191865712963,13.8907608344546,29.412331344111,"oc.shp.semiaridP"
0,0.233021576970554,0.95875298688519,0.199844703823188,0.299339342591751,0.119294322764216,1.04369173610939,11.5335419958236,4.20089006817201,11.5870750238223,15.6143418354692,"oc.shp.semiaridP"
0,0.243425993666979,0.848529090389505,0.234310008847191,0.392421163538408,0.14710849766553,1.40687535087525,10.6039027435915,3.99807847746043,10.2180212283705,15.4705679660615,"oc.shp.semiaridP"
0,0.182826114707649,0.983771557262272,0.16250060846544,0.167569428869067,0.1334250680073,1.3673323888956,9.0217985738907,3.41276375026722,9.12388235462364,29.2946488806609,"oc.shp.semiaridP"
0,0.162712681824474,0.870116234727949,0.208708499974401,0.16353608632619,0.14910020053274,1.60323227754024,8.07457213528571,3.46270258034766,11.5523051963956,25.7419808620334,"oc.shp.semiaridP"
0,0.259774614735445,0.929455943043485,0.196209468137714,0.234148484735151,0.146207834152739,1.50565288734736,10.0755569597788,4.63733251159033,10.4081514655601,23.5562951020025,"oc.shp.semiaridP"
0,0.233316068652455,0.824753837003455,0.25904448214159,0.429907482183301,0.136175393532016,1.43571958133727,11.6860423374944,3.05030642770929,10.5884066734894,15.8740726268321,"oc.shp.semiaridP"
0,0.179126890273143,0.914514401636571,0.175314304888358,0.336030918661568,0.135274986348509,1.49781962255194,8.56313109518494,3.10357159269508,13.7732814754953,28.6711741608467,"oc.shp.semiaridP"
0,0.206355922871051,0.974029962231725,0.189348657663278,0.353211611424726,0.145483229080216,1.23887942694416,11.4535134571977,3.43709573912481,12.4907745117624,18.8032750660588,"oc.shp.semiaridP"
0,0.248424778367736,0.927453945895165,0.230736793318504,0.446923574816771,0.121287388669967,1.51997913915772,7.52287352362648,4.04747013538005,10.1077810156858,18.4515830171776,"oc.shp.semiaridP"
0,0.23460200351138,0.891636468676016,0.197433768821104,0.252584998063492,0.145433948900517,1.40083046554426,11.8005917951569,3.58795669382764,11.2301556927373,21.8085197435032,"oc.shp.semiaridP"
0,0.26339117106365,0.822011352657542,0.177099473458073,0.242200636504262,0.123082098830288,0.961371562502608,8.04166686095414,4.16757442793623,12.6838632622629,14.5296127771934,"oc.shp.semiaridP"
0,0.240740585190226,0.880627243932292,0.212631386107051,0.311360572540192,0.141307672446485,1.27974695435265,7.9617575382092,4.5467890225458,11.0665810358222,16.3384323858498,"oc.shp.semiaridP"
0,0.264750745990137,0.875230048707113,0.189456421910057,0.23944409480823,0.152586082386425,1.40028414388926,10.9209973522916,3.35328683900321,13.1561785783677,26.3433031079996,"oc.shp.semiaridP"
0,0.218586338963076,0.969820813214272,0.164784418884076,0.39597375815178,0.146541750878865,1.48319350595852,7.80168644479127,3.80499148684461,9.75804078831337,22.4061353920616,"oc.shp.semiaridP"
0,0.249807615041156,0.919615404063329,0.261777133297148,0.374257845975531,0.135683924478395,1.62260216394199,11.6522418154438,4.86436573740188,13.1367774287937,20.4261297746572,"oc.shp.semiaridP"
0,0.257999057103521,0.807773491513724,0.25818104307811,0.392357241759289,0.0499067041020494,1.2274090040776,10.2024866977893,3.75217127770418,9.32007417905144,17.9263670752437,"oc.shp.semiaridM"
0,0.217100666884587,0.965027505127543,0.232540983018831,0.252209674562486,0.136058238744473,1.73115498865074,11.0868841895601,3.67022631580336,9.28195814266568,26.878134488547,"oc.shp.semiaridM"
0,0.266383495870025,0.897244071386978,0.204981728291789,0.412241453156932,0.0951040861993311,1.52336795080666,10.2991970592772,4.542088168032,13.9443029243895,29.7739147403513,"oc.shp.semiaridM"
0,0.238699889784954,0.830463341780528,0.230670549053361,0.369233824158048,0.158310788920557,1.7514077876838,9.90116856088978,4.9274811201496,10.5471914400381,21.183476766329,"oc.shp.semiaridM"
0,0.25663187860497,0.756852300886195,0.221813231104792,0.290680929774963,0.11046762785657,1.99852074201892,8.58540374814649,4.40883959342167,9.38562134262407,33.1521357525182,"oc.shp.semiaridM"
0,0.208497590481816,0.870285815570131,0.20396352727086,0.414249369076218,0.160777547020379,1.45200637597814,10.692505283436,4.62515091009578,13.2373030833981,20.7860504037961,"oc.shp.semiaridM"
0,0.211692578860705,0.84520782751516,0.207564828527758,0.239622163361083,0.0594466183269476,1.70928983788294,11.3066067063785,3.5517317863116,11.7979755346233,45.2289473357738,"oc.shp.semiaridM"
0,0.212247443548192,0.91962251666758,0.228691515857528,0.142924153291925,0.0335408618216575,1.52972474771485,9.18362122571445,4.13414867645735,10.3089237087138,41.1184652295422,"oc.shp.semiaridM"
0,0.21815328476357,0.986558523077206,0.24019856503977,0.441383956222176,0.0425350444817231,1.36536950865556,8.99207109268638,3.38616407389613,10.8971197170974,24.3431134084105,"oc.shp.semiaridM"
0,0.194503374782677,0.918166298838398,0.21368985127538,0.262435337064983,0.049866821152284,1.6798464178971,11.1643190990132,3.65376506182225,10.0304707486031,44.9770197418076,"oc.shp.semiaridM"
0,0.200863221123309,0.95524275894037,0.185118859872858,0.281387196884057,0.0680107539217344,1.15317686520749,11.8601039293047,4.84200363998534,13.6629506543314,33.0723596002955,"oc.shp.semiaridM"
0,0.200498626822829,0.983936251661587,0.183716098732932,0.139657547177775,0.0735906514132526,1.86495154978035,9.0217985738907,3.41276375026722,9.12388235462364,46.5892977613218,"oc.shp.semiaridM"
0,0.217586445418079,0.907663198405642,0.203435324022404,0.346025451378846,0.132590797672322,1.64258620958559,11.2293839439272,4.11462525674654,9.57147642049356,27.1772058270408,"oc.shp.semiaridM"
0,0.201680343446459,0.936527008064773,0.18649744745289,0.250219164744318,0.0272694064236698,1.34522436428009,10.4812812191749,4.13848217218928,12.2192852032103,44.7805526210649,"oc.shp.semiaridM"
0,0.262074600960456,0.88888056294262,0.231463767296649,0.242489262520103,0.156513613778565,1.67392237465899,8.6270226831804,3.62943667973252,9.78064099181444,22.8196601019539,"oc.shp.semiaridM"
0,0.221506767772995,0.827350093480996,0.212407139251116,0.477432582112085,0.0311020225683129,1.65307164317332,10.8489785178634,4.57485879894765,9.40395591837703,41.9284958796001,"oc.shp.semiaridM"
0,0.25233536560856,0.815658103955383,0.252616836690372,0.138562392074249,0.0360171337315929,2.03664455086505,11.6905064646364,3.10188477792684,9.66741441205842,44.2441583380459,"oc.shp.semiaridM"
0,0.267371279721293,0.982602354478338,0.196588076120408,0.371359003484785,0.0947528983351779,1.00073451995903,7.2404449723463,3.05374878651137,11.6034967011877,13.7268651422353,"oc.shp.semiaridM"
0,0.264034085561377,0.93105686762647,0.211549102132057,0.224603239144848,0.123738426291515,2.01596955862246,10.0755569597788,4.63733251159033,10.4081514655601,35.1125902040049,"oc.shp.semiaridM"
0,0.231473514749624,0.830344872944571,0.227346060885515,0.333115315134439,0.0867089363526453,1.6479021573528,7.50906356122461,3.25030573278479,10.5975343619508,25.4539413605188,"oc.shp.semiaridM"
0,0.212114128525557,0.871791049642952,0.247346617297686,0.351415459371253,0.061209807003109,1.54228087097154,10.7115653115732,3.76869968165644,10.9509234693181,27.2977127545162,"oc.shp.semiaridM"
0,0.252368604801614,0.760435045001598,0.190745430834589,0.471176822874388,0.0731747861095311,1.68348392003671,10.6602823229926,3.07790176376002,9.27240469808807,35.2893673136488,"oc.shp.semiaridM"
0,0.263119011771118,0.874986627749016,0.195895877437585,0.191891157160432,0.0559570941359722,0.977896885174743,11.7262098711811,3.55379543083906,12.9587964833656,29.9932289241867,"oc.shp.semiaridM"
0,0.24287109834864,0.881445399424019,0.183868971892311,0.420310716084556,0.141680925600055,1.92182951469158,11.2581073632755,4.6036561937565,9.97630047236453,30.4073903580585,"oc.shp.semiaridM"
0,0.257721249765793,0.853469467949518,0.181393962531611,0.40759809969147,0.123186443925891,1.56876787879887,10.5965108755731,4.76890240662452,13.0577563179005,31.5995562488991,"oc.shp.semiaridM"
0,0.268565587895557,0.915393689347906,0.253416143514407,0.213776913950278,0.0464088325586522,1.51610334295972,9.75612849096884,4.98290751408646,9.95417518540868,31.9477282681724,"oc.shp.semiaridM"
0,0.199047259301213,0.802568321895674,0.220908777224659,0.174890395224236,0.127416146403401,1.11592682879415,9.47820078553981,4.73203339553624,9.06893131287419,16.1938705167978,"oc.shp.semiaridM"
0,0.205003951956911,0.81124231875211,0.236404492746249,0.283117837209147,0.100446558650889,1.9704279808461,9.01731372821727,4.2873799789832,10.8839190120832,33.659389575985,"oc.shp.semiaridM"
0,0.193584860057551,0.948216175463079,0.269281217717256,0.27728768196004,0.0213796066603079,1.25023528855565,9.66627332329051,4.07314798049349,9.11820693916758,22.6362586262543,"oc.shp.semiaridM"
0,0.230934197835925,0.962239550781764,0.236282930038436,0.422599812612769,0.10336503432651,1.84059164703474,10.6305939906568,4.67081230404088,13.7650766612019,30.3625250363145,"oc.shp.semiaridM"
0,0.181455140590842,0.825876182685017,0.249717309962881,0.385251610830477,0.16901171501494,1.85038829424403,11.0530527071399,3.47160630301945,9.07030677195988,18.2664344853694,"oc.shp.semiaridM"
0,0.240399802491507,0.929569520051004,0.240833430516862,0.27545419404269,0.0934051789880996,1.27625160472766,10.4087402283191,3.05800582445273,9.87807200785726,20.8715283793188,"oc.shp.semiaridM"
0,0.194183391172444,0.933282194240045,0.169687561606472,0.270988680783929,0.125525179857263,1.17030891783267,8.80855789911817,4.84973701809812,9.37684402602958,21.2106764698005,"oc.shp.subhumidM"
0,0.229044810770591,0.973340918786041,0.253806284891492,0.237472843558778,0.0881250057108214,1.14883404493959,11.3134558010555,3.59952321914118,11.9606254321255,18.9731577395077,"oc.shp.subhumidM"
0,0.281425123820073,0.986666506741852,0.126487539298746,0.32477430664932,0.150886781688807,0.909814875507343,11.6324572601775,3.24330204654112,10.4236028725852,14.5499875199888,"oc.shp.subhumidM"
0,0.379656248601863,0.82420316945377,0.364344986917383,0.241212949489743,0.181236850277346,1.84045091855164,11.7026908111875,4.76734225935116,10.9359730741335,14.3811904573312,"oc.shp.subhumidM"
0,0.190518082856261,0.782574945580032,0.0875562855205983,0.295271689278959,0.226778655142093,1.23539851166721,11.2891089999874,3.16318486323068,9.46201422071899,19.8972831119987,"oc.shp.subhumidM"
0,0.110207494537057,0.973644069052856,0.210473451124523,0.169402178768598,0.0842403648215733,0.904433154054727,11.1010668196378,4.71193871407025,13.4936388535541,21.1150797264552,"oc.shp.subhumidM"
0,0.31468486318741,0.834926118311573,0.289427730934418,0.376847304723551,0.176659565490158,1.7713763884914,10.6039027435915,3.99807847746043,10.2180212283705,15.7096897159709,"oc.shp.subhumidM"
0,0.310349125966427,0.772269680850517,0.0872242560295216,0.384632591092722,0.0927243454032149,0.8033794236077,8.20191811556113,4.55164769489877,10.3323867321957,19.1600018428109,"oc.shp.subhumidM"
0,0.104067739331706,0.871708981621932,0.154498635254615,0.373201469381558,0.189794109033764,1.35033058114144,11.7658960024803,4.90201644967683,10.6238564247231,19.2371192451054,"oc.shp.subhumidM"
0,0.167154767890675,0.901184243078336,0.149582922756522,0.432078121278266,0.14158681190006,1.18759297053826,7.19302177061909,4.18578576645348,13.2213426164642,18.1809299837361,"oc.shp.subhumidM"
0,0.376145019446773,0.761439026542123,0.333089071130038,0.42348657592247,0.0517565645858708,1.53540207760471,8.63019717556308,4.95691357951378,9.25609398570494,14.3683950577484,"oc.shp.subhumidM"
0,0.0957420499528684,0.967032809492927,0.197314098805216,0.293590796377064,0.170224632614632,1.47341001578267,9.8139323696366,3.41459631271753,13.9528863237298,21.0464708135737,"oc.shp.subhumidM"
0,0.343729391390861,0.984219744208954,0.357529655037758,0.184675974233572,0.171404770623026,1.88459080787353,9.71857556281495,3.72854288083641,11.9281483239762,15.8270478292432,"oc.shp.subhumidM"
0,0.356910461720862,0.860503462354448,0.131339499846117,0.181520206501116,0.0876327122873901,0.687772695687477,11.7262098711811,3.55379543083906,12.9587964833656,17.9499788359838,"oc.shp.subhumidM"
0,0.346803464301548,0.96471952594367,0.168428743494031,0.407673489237082,0.191913648662953,1.5681785429715,8.23066896947217,3.46026752892742,11.3012593007344,19.8408000275341,"oc.shp.subhumidM"
0,0.305815375236316,0.975015533991046,0.186141491343444,0.344717494921652,0.220371985903294,1.7135893416298,8.72236755439895,4.69375807045354,13.3857833696087,18.9665219422022,"oc.shp.subhumidM"
0,0.242043690914056,0.882586344396278,0.106959802241935,0.376632415277814,0.29041061537484,1.44629422857045,10.2991970592772,4.542088168032,13.9443029243895,14.0592248087246,"oc.shp.humidM"
0,0.0564607234691065,0.916318377872786,0.149609827772714,0.440870262674517,0.329760992739464,1.79647321931504,10.5516398279602,3.33367647019867,13.8236903618206,12.6600679713972,"oc.shp.humidM"
0,0.204334857421697,0.766062456839676,0.0580476910392228,0.400983822098464,0.204917177148687,1.05687903963725,8.20191811556113,4.55164769489877,10.3323867321957,15.3973352989983,"oc.shp.humidM"
0,0.118655439444059,0.989267178955508,0.0708356431095651,0.415040648476611,0.29768569190326,1.25257809651232,10.1923509176995,4.74624753589276,12.6276754773315,11.0171106937584,"oc.shp.humidM"
0,0.0712563380940971,0.793924014326577,0.208121751960723,0.370815310338818,0.267130140850963,1.99296059460964,10.4153294222604,4.08067176808696,10.3136017298733,15.8000297952797,"oc.shp.humidM"
0,0.188812675166845,0.803700840275529,0.235548692330595,0.440602588661509,0.264267225319021,1.80954722716372,11.6860423374944,3.05030642770929,10.5884066734894,11.8914908656571,"oc.shp.humidM"
0,0.162055918483385,0.967249907205514,0.064323990266487,0.39602069605458,0.36341213020043,1.85478005834821,7.80168644479127,3.80499148684461,9.75804078831337,14.7161666560266,"oc.shp.humidM"
0,0.160176636663158,0.909858590008597,0.14711720722365,0.359534648132064,0.343143562852983,1.84765857687255,10.5903226844058,3.92731203132356,12.3029309772619,13.4011796907131,"oc.shp.humidM"
